Notes,State,State Code,Ten-Year Age Groups,Ten-Year Age Groups Code,Sex,Sex Code,Single Race 6,Single Race 6 Code,Year,Year Code,Deaths,Population,Crude Rate,% of Total Deaths
,Alabama,01,25-34 years,25-34,Male,M,White,2106-3,2023,2023,11,216565,Unreliable,0.00%
,Alabama,01,35-44 years,35-44,Female,F,Black or African American,2054-5,2023,2023,11,96469,Unreliable,0.00%
,Alabama,01,35-44 years,35-44,Female,F,White,2106-3,2023,2023,12,214190,Unreliable,0.00%
,Alabama,01,35-44 years,35-44,Male,M,Black or African American,2054-5,2023,2023,10,79680,Unreliable,0.00%
,Alabama,01,35-44 years,35-44,Male,M,White,2106-3,2023,2023,26,213544,12.2,0.00%
,Alabama,01,45-54 years,45-54,Female,F,Black or African American,2054-5,2023,2023,18,88119,Unreliable,0.00%
,Alabama,01,45-54 years,45-54,Female,F,White,2106-3,2023,2023,23,217403,10.6,0.00%
,Alabama,01,45-54 years,45-54,Male,M,Black or African American,2054-5,2023,2023,36,70455,51.1,0.00%
,Alabama,01,45-54 years,45-54,Male,M,White,2106-3,2023,2023,44,218838,20.1,0.00%
,Alabama,01,55-64 years,55-64,Female,F,Black or African American,2054-5,2023,2023,46,88989,51.7,0.00%
,Alabama,01,55-64 years,55-64,Female,F,White,2106-3,2023,2023,65,238718,27.2,0.10%
,Alabama,01,55-64 years,55-64,Male,M,Black or African American,2054-5,2023,2023,54,71947,75.1,0.10%
,Alabama,01,55-64 years,55-64,Male,M,White,2106-3,2023,2023,112,233952,47.9,0.10%
,Alabama,01,65-74 years,65-74,Female,F,Black or African American,2054-5,2023,2023,73,72850,100.2,0.10%
,Alabama,01,65-74 years,65-74,Female,F,White,2106-3,2023,2023,86,215285,39.9,0.10%
,Alabama,01,65-74 years,65-74,Male,M,Black or African American,2054-5,2023,2023,72,54404,132.3,0.10%
,Alabama,01,65-74 years,65-74,Male,M,White,2106-3,2023,2023,162,193245,83.8,0.20%
,Alabama,01,75-84 years,75-84,Female,F,Black or African American,2054-5,2023,2023,61,30935,197.2,0.10%
,Alabama,01,75-84 years,75-84,Female,F,White,2106-3,2023,2023,114,130093,87.6,0.10%
,Alabama,01,75-84 years,75-84,Male,M,Black or African American,2054-5,2023,2023,58,20313,285.5,0.10%
,Alabama,01,75-84 years,75-84,Male,M,White,2106-3,2023,2023,133,102152,130.2,0.10%
,Alabama,01,85+ years,85+,Female,F,Black or African American,2054-5,2023,2023,28,10819,258.8,0.00%
,Alabama,01,85+ years,85+,Female,F,White,2106-3,2023,2023,70,46181,151.6,0.10%
,Alabama,01,85+ years,85+,Male,M,Black or African American,2054-5,2023,2023,16,4614,Unreliable,0.00%
,Alabama,01,85+ years,85+,Male,M,White,2106-3,2023,2023,56,26264,213.2,0.10%
,Alaska,02,55-64 years,55-64,Male,M,White,2106-3,2023,2023,16,32619,Unreliable,0.00%
,Alaska,02,65-74 years,65-74,Female,F,White,2106-3,2023,2023,11,25067,Unreliable,0.00%
,Alaska,02,65-74 years,65-74,Male,M,White,2106-3,2023,2023,12,27512,Unreliable,0.00%
,Alaska,02,75-84 years,75-84,Female,F,White,2106-3,2023,2023,10,11034,Unreliable,0.00%
,Alaska,02,75-84 years,75-84,Male,M,White,2106-3,2023,2023,16,11418,Unreliable,0.00%
,Arizona,04,25-34 years,25-34,Male,M,White,2106-3,2023,2023,10,414088,Unreliable,0.00%
,Arizona,04,35-44 years,35-44,Female,F,White,2106-3,2023,2023,14,363661,Unreliable,0.00%
,Arizona,04,35-44 years,35-44,Male,M,American Indian or Alaska Native,1002-5,2023,2023,12,25522,Unreliable,0.00%
,Arizona,04,35-44 years,35-44,Male,M,White,2106-3,2023,2023,33,385824,8.6,0.00%
,Arizona,04,45-54 years,45-54,Female,F,American Indian or Alaska Native,1002-5,2023,2023,13,20881,Unreliable,0.00%
,Arizona,04,45-54 years,45-54,Female,F,White,2106-3,2023,2023,43,350387,12.3,0.00%
,Arizona,04,45-54 years,45-54,Male,M,American Indian or Alaska Native,1002-5,2023,2023,16,19662,Unreliable,0.00%
,Arizona,04,45-54 years,45-54,Male,M,Black or African American,2054-5,2023,2023,19,24802,Unreliable,0.00%
,Arizona,04,45-54 years,45-54,Male,M,White,2106-3,2023,2023,79,354960,22.3,0.10%
,Arizona,04,55-64 years,55-64,Female,F,American Indian or Alaska Native,1002-5,2023,2023,15,19641,Unreliable,0.00%
,Arizona,04,55-64 years,55-64,Female,F,Black or African American,2054-5,2023,2023,11,20348,Unreliable,0.00%
,Arizona,04,55-64 years,55-64,Female,F,White,2106-3,2023,2023,105,385919,27.2,0.10%
,Arizona,04,55-64 years,55-64,Male,M,American Indian or Alaska Native,1002-5,2023,2023,31,16647,186.2,0.00%
,Arizona,04,55-64 years,55-64,Male,M,Black or African American,2054-5,2023,2023,16,21256,Unreliable,0.00%
,Arizona,04,55-64 years,55-64,Male,M,White,2106-3,2023,2023,231,369868,62.5,0.20%
,Arizona,04,65-74 years,65-74,Female,F,American Indian or Alaska Native,1002-5,2023,2023,27,13799,195.7,0.00%
,Arizona,04,65-74 years,65-74,Female,F,Black or African American,2054-5,2023,2023,17,14278,Unreliable,0.00%
,Arizona,04,65-74 years,65-74,Female,F,White,2106-3,2023,2023,186,380963,48.8,0.20%
,Arizona,04,65-74 years,65-74,Female,F,More than one race,M,2023,2023,10,4823,Unreliable,0.00%
,Arizona,04,65-74 years,65-74,Male,M,American Indian or Alaska Native,1002-5,2023,2023,34,10970,309.9,0.00%
,Arizona,04,65-74 years,65-74,Male,M,Black or African American,2054-5,2023,2023,20,13447,148.7,0.00%
,Arizona,04,65-74 years,65-74,Male,M,White,2106-3,2023,2023,330,337684,97.7,0.30%
,Arizona,04,75-84 years,75-84,Female,F,American Indian or Alaska Native,1002-5,2023,2023,23,6375,360.8,0.00%
,Arizona,04,75-84 years,75-84,Female,F,Asian,A,2023,2023,12,6687,Unreliable,0.00%
,Arizona,04,75-84 years,75-84,Female,F,Black or African American,2054-5,2023,2023,10,6131,Unreliable,0.00%
,Arizona,04,75-84 years,75-84,Female,F,White,2106-3,2023,2023,218,236165,92.3,0.20%
,Arizona,04,75-84 years,75-84,Male,M,American Indian or Alaska Native,1002-5,2023,2023,14,4511,Unreliable,0.00%
,Arizona,04,75-84 years,75-84,Male,M,Black or African American,2054-5,2023,2023,13,4896,Unreliable,0.00%
,Arizona,04,75-84 years,75-84,Male,M,White,2106-3,2023,2023,357,206840,172.6,0.40%
,Arizona,04,85+ years,85+,Female,F,American Indian or Alaska Native,1002-5,2023,2023,11,2061,Unreliable,0.00%
,Arizona,04,85+ years,85+,Female,F,White,2106-3,2023,2023,126,78092,161.3,0.10%
,Arizona,04,85+ years,85+,Male,M,White,2106-3,2023,2023,152,59965,253.5,0.20%
,Arkansas,05,35-44 years,35-44,Female,F,White,2106-3,2023,2023,11,149695,Unreliable,0.00%
,Arkansas,05,35-44 years,35-44,Male,M,Black or African American,2054-5,2023,2023,10,28676,Unreliable,0.00%
,Arkansas,05,35-44 years,35-44,Male,M,White,2106-3,2023,2023,13,153103,Unreliable,0.00%
,Arkansas,05,45-54 years,45-54,Female,F,Black or African American,2054-5,2023,2023,10,28600,Unreliable,0.00%
,Arkansas,05,45-54 years,45-54,Female,F,White,2106-3,2023,2023,37,144640,25.6,0.00%
,Arkansas,05,45-54 years,45-54,Male,M,Black or African American,2054-5,2023,2023,17,24185,Unreliable,0.00%
,Arkansas,05,45-54 years,45-54,Male,M,White,2106-3,2023,2023,62,147342,42.1,0.10%
,Arkansas,05,55-64 years,55-64,Female,F,Black or African American,2054-5,2023,2023,17,28744,Unreliable,0.00%
,Arkansas,05,55-64 years,55-64,Female,F,White,2106-3,2023,2023,57,155826,36.6,0.10%
,Arkansas,05,55-64 years,55-64,Male,M,Black or African American,2054-5,2023,2023,25,23728,105.4,0.00%
,Arkansas,05,55-64 years,55-64,Male,M,White,2106-3,2023,2023,121,153225,79,0.10%
,Arkansas,05,65-74 years,65-74,Female,F,Black or African American,2054-5,2023,2023,42,23420,179.3,0.00%
,Arkansas,05,65-74 years,65-74,Female,F,White,2106-3,2023,2023,110,141199,77.9,0.10%
,Arkansas,05,65-74 years,65-74,Male,M,Black or African American,2054-5,2023,2023,43,18151,236.9,0.00%
,Arkansas,05,65-74 years,65-74,Male,M,White,2106-3,2023,2023,156,126726,123.1,0.20%
,Arkansas,05,75-84 years,75-84,Female,F,Black or African American,2054-5,2023,2023,26,9158,283.9,0.00%
,Arkansas,05,75-84 years,75-84,Female,F,White,2106-3,2023,2023,111,85293,130.1,0.10%
,Arkansas,05,75-84 years,75-84,Male,M,Black or African American,2054-5,2023,2023,24,6405,374.7,0.00%
,Arkansas,05,75-84 years,75-84,Male,M,White,2106-3,2023,2023,166,68828,241.2,0.20%
,Arkansas,05,85+ years,85+,Female,F,Black or African American,2054-5,2023,2023,12,3361,Unreliable,0.00%
,Arkansas,05,85+ years,85+,Female,F,White,2106-3,2023,2023,74,30946,239.1,0.10%
,Arkansas,05,85+ years,85+,Male,M,White,2106-3,2023,2023,56,18533,302.2,0.10%
,California,06,25-34 years,25-34,Female,F,White,2106-3,2023,2023,30,1896808,1.6,0.00%
,California,06,25-34 years,25-34,Male,M,Black or African American,2054-5,2023,2023,16,217441,Unreliable,0.00%
,California,06,25-34 years,25-34,Male,M,White,2106-3,2023,2023,44,1998677,2.2,0.00%
,California,06,35-44 years,35-44,Female,F,Black or African American,2054-5,2023,2023,17,174311,Unreliable,0.00%
,California,06,35-44 years,35-44,Female,F,White,2106-3,2023,2023,60,1798154,3.3,0.10%
,California,06,35-44 years,35-44,Male,M,Asian,A,2023,2023,25,482149,5.2,0.00%
,California,06,35-44 years,35-44,Male,M,Black or African American,2054-5,2023,2023,29,188458,15.4,0.00%
,California,06,35-44 years,35-44,Male,M,White,2106-3,2023,2023,143,1958240,7.3,0.20%
,California,06,45-54 years,45-54,Female,F,Asian,A,2023,2023,24,479927,5,0.00%
,California,06,45-54 years,45-54,Female,F,Black or African American,2054-5,2023,2023,33,154429,21.4,0.00%
,California,06,45-54 years,45-54,Female,F,White,2106-3,2023,2023,164,1655637,9.9,0.20%
,California,06,45-54 years,45-54,Male,M,Asian,A,2023,2023,41,418630,9.8,0.00%
,California,06,45-54 years,45-54,Male,M,Black or African American,2054-5,2023,2023,46,156027,29.5,0.00%
,California,06,45-54 years,45-54,Male,M,White,2106-3,2023,2023,340,1739134,19.5,0.40%
,California,06,45-54 years,45-54,Male,M,More than one race,M,2023,2023,15,64727,Unreliable,0.00%
,California,06,55-64 years,55-64,Female,F,Asian,A,2023,2023,65,421700,15.4,0.10%
,California,06,55-64 years,55-64,Female,F,Black or African American,2054-5,2023,2023,108,162249,66.6,0.10%
,California,06,55-64 years,55-64,Female,F,Native Hawaiian or Other Pacific Islander,NHOPI,2023,2023,11,12764,Unreliable,0.00%
,California,06,55-64 years,55-64,Female,F,White,2106-3,2023,2023,458,1669496,27.4,0.50%
,California,06,55-64 years,55-64,Female,F,More than one race,M,2023,2023,17,55594,Unreliable,0.00%
,California,06,55-64 years,55-64,Male,M,American Indian or Alaska Native,1002-5,2023,2023,14,36894,Unreliable,0.00%
,California,06,55-64 years,55-64,Male,M,Asian,A,2023,2023,122,361153,33.8,0.10%
,California,06,55-64 years,55-64,Male,M,Black or African American,2054-5,2023,2023,147,155611,94.5,0.20%
,California,06,55-64 years,55-64,Male,M,Native Hawaiian or Other Pacific Islander,NHOPI,2023,2023,16,11954,Unreliable,0.00%
,California,06,55-64 years,55-64,Male,M,White,2106-3,2023,2023,931,1701670,54.7,1.00%
,California,06,55-64 years,55-64,Male,M,More than one race,M,2023,2023,30,50780,59.1,0.00%
,California,06,65-74 years,65-74,Female,F,American Indian or Alaska Native,1002-5,2023,2023,15,24599,Unreliable,0.00%
,California,06,65-74 years,65-74,Female,F,Asian,A,2023,2023,160,354978,45.1,0.20%
,California,06,65-74 years,65-74,Female,F,Black or African American,2054-5,2023,2023,135,120373,112.2,0.10%
,California,06,65-74 years,65-74,Female,F,Native Hawaiian or Other Pacific Islander,NHOPI,2023,2023,11,8208,Unreliable,0.00%
,California,06,65-74 years,65-74,Female,F,White,2106-3,2023,2023,823,1390738,59.2,0.90%
,California,06,65-74 years,65-74,Female,F,More than one race,M,2023,2023,14,36345,Unreliable,0.00%
,California,06,65-74 years,65-74,Male,M,American Indian or Alaska Native,1002-5,2023,2023,20,22544,88.7,0.00%
,California,06,65-74 years,65-74,Male,M,Asian,A,2023,2023,213,281762,75.6,0.20%
,California,06,65-74 years,65-74,Male,M,Black or African American,2054-5,2023,2023,190,100977,188.2,0.20%
,California,06,65-74 years,65-74,Male,M,Native Hawaiian or Other Pacific Islander,NHOPI,2023,2023,13,7549,Unreliable,0.00%
,California,06,65-74 years,65-74,Male,M,White,2106-3,2023,2023,1256,1281164,98,1.30%
,California,06,65-74 years,65-74,Male,M,More than one race,M,2023,2023,25,31738,78.8,0.00%
,California,06,75-84 years,75-84,Female,F,Asian,A,2023,2023,244,186334,130.9,0.30%
,California,06,75-84 years,75-84,Female,F,Black or African American,2054-5,2023,2023,150,59961,250.2,0.20%
,California,06,75-84 years,75-84,Female,F,White,2106-3,2023,2023,981,806821,121.6,1.00%
,California,06,75-84 years,75-84,Female,F,More than one race,M,2023,2023,15,16953,Unreliable,0.00%
,California,06,75-84 years,75-84,Male,M,American Indian or Alaska Native,1002-5,2023,2023,15,8760,Unreliable,0.00%
,California,06,75-84 years,75-84,Male,M,Asian,A,2023,2023,265,141546,187.2,0.30%
,California,06,75-84 years,75-84,Male,M,Black or African American,2054-5,2023,2023,144,40974,351.4,0.20%
,California,06,75-84 years,75-84,Male,M,Native Hawaiian or Other Pacific Islander,NHOPI,2023,2023,16,2967,Unreliable,0.00%
,California,06,75-84 years,75-84,Male,M,White,2106-3,2023,2023,1218,655008,186,1.30%
,California,06,75-84 years,75-84,Male,M,More than one race,M,2023,2023,21,12797,164.1,0.00%
,California,06,85+ years,85+,Female,F,American Indian or Alaska Native,1002-5,2023,2023,11,3385,Unreliable,0.00%
,California,06,85+ years,85+,Female,F,Asian,A,2023,2023,313,85830,364.7,0.30%
,California,06,85+ years,85+,Female,F,Black or African American,2054-5,2023,2023,97,23455,413.6,0.10%
,California,06,85+ years,85+,Female,F,White,2106-3,2023,2023,786,317969,247.2,0.80%
,California,06,85+ years,85+,Female,F,More than one race,M,2023,2023,17,6096,Unreliable,0.00%
,California,06,85+ years,85+,Male,M,Asian,A,2023,2023,225,52445,429,0.20%
,California,06,85+ years,85+,Male,M,Black or African American,2054-5,2023,2023,81,12643,640.7,0.10%
,California,06,85+ years,85+,Male,M,White,2106-3,2023,2023,755,194050,389.1,0.80%
,California,06,85+ years,85+,Male,M,More than one race,M,2023,2023,11,4108,Unreliable,0.00%
,Colorado,08,25-34 years,25-34,Male,M,White,2106-3,2023,2023,10,405509,Unreliable,0.00%
,Colorado,08,35-44 years,35-44,Male,M,White,2106-3,2023,2023,28,387211,7.2,0.00%
,Colorado,08,45-54 years,45-54,Female,F,White,2106-3,2023,2023,23,300841,7.6,0.00%
,Colorado,08,45-54 years,45-54,Male,M,Black or African American,2054-5,2023,2023,10,18546,Unreliable,0.00%
,Colorado,08,45-54 years,45-54,Male,M,White,2106-3,2023,2023,38,321635,11.8,0.00%
,Colorado,08,55-64 years,55-64,Female,F,White,2106-3,2023,2023,61,305299,20,0.10%
,Colorado,08,55-64 years,55-64,Male,M,Black or African American,2054-5,2023,2023,12,14920,Unreliable,0.00%
,Colorado,08,55-64 years,55-64,Male,M,White,2106-3,2023,2023,109,300267,36.3,0.10%
,Colorado,08,65-74 years,65-74,Female,F,Black or African American,2054-5,2023,2023,14,9300,Unreliable,0.00%
,Colorado,08,65-74 years,65-74,Female,F,White,2106-3,2023,2023,99,274209,36.1,0.10%
,Colorado,08,65-74 years,65-74,Male,M,Black or African American,2054-5,2023,2023,20,9005,222.1,0.00%
,Colorado,08,65-74 years,65-74,Male,M,White,2106-3,2023,2023,171,254201,67.3,0.20%
,Colorado,08,75-84 years,75-84,Female,F,White,2106-3,2023,2023,100,141736,70.6,0.10%
,Colorado,08,75-84 years,75-84,Male,M,Black or African American,2054-5,2023,2023,10,3145,Unreliable,0.00%
,Colorado,08,75-84 years,75-84,Male,M,White,2106-3,2023,2023,135,120356,112.2,0.10%
,Colorado,08,85+ years,85+,Female,F,White,2106-3,2023,2023,84,50070,167.8,0.10%
,Colorado,08,85+ years,85+,Male,M,White,2106-3,2023,2023,88,30216,291.2,0.10%
,Connecticut,09,35-44 years,35-44,Male,M,White,2106-3,2023,2023,10,175138,Unreliable,0.00%
,Connecticut,09,45-54 years,45-54,Male,M,White,2106-3,2023,2023,25,172154,14.5,0.00%
,Connecticut,09,55-64 years,55-64,Female,F,White,2106-3,2023,2023,27,215482,12.5,0.00%
,Connecticut,09,55-64 years,55-64,Male,M,Black or African American,2054-5,2023,2023,21,24938,84.2,0.00%
,Connecticut,09,55-64 years,55-64,Male,M,White,2106-3,2023,2023,49,207890,23.6,0.10%
,Connecticut,09,65-74 years,65-74,Female,F,Black or African American,2054-5,2023,2023,12,18898,Unreliable,0.00%
,Connecticut,09,65-74 years,65-74,Female,F,White,2106-3,2023,2023,49,179834,27.2,0.10%
,Connecticut,09,65-74 years,65-74,Male,M,Black or African American,2054-5,2023,2023,15,14605,Unreliable,0.00%
,Connecticut,09,65-74 years,65-74,Male,M,White,2106-3,2023,2023,93,164011,56.7,0.10%
,Connecticut,09,75-84 years,75-84,Female,F,Black or African American,2054-5,2023,2023,10,9614,Unreliable,0.00%
,Connecticut,09,75-84 years,75-84,Female,F,White,2106-3,2023,2023,73,107009,68.2,0.10%
,Connecticut,09,75-84 years,75-84,Male,M,Black or African American,2054-5,2023,2023,12,5956,Unreliable,0.00%
,Connecticut,09,75-84 years,75-84,Male,M,White,2106-3,2023,2023,91,85017,107,0.10%
,Connecticut,09,85+ years,85+,Female,F,Black or African American,2054-5,2023,2023,19,3487,Unreliable,0.00%
,Connecticut,09,85+ years,85+,Female,F,White,2106-3,2023,2023,68,46810,145.3,0.10%
,Connecticut,09,85+ years,85+,Male,M,White,2106-3,2023,2023,66,25603,257.8,0.10%
,Delaware,10,55-64 years,55-64,Female,F,Black or African American,2054-5,2023,2023,13,17255,Unreliable,0.00%
,Delaware,10,55-64 years,55-64,Female,F,White,2106-3,2023,2023,13,54501,Unreliable,0.00%
,Delaware,10,55-64 years,55-64,Male,M,Black or African American,2054-5,2023,2023,13,14221,Unreliable,0.00%
,Delaware,10,55-64 years,55-64,Male,M,White,2106-3,2023,2023,18,49919,Unreliable,0.00%
,Delaware,10,65-74 years,65-74,Female,F,Black or African American,2054-5,2023,2023,18,12584,Unreliable,0.00%
,Delaware,10,65-74 years,65-74,Female,F,White,2106-3,2023,2023,22,55340,39.8,0.00%
,Delaware,10,65-74 years,65-74,Male,M,Black or African American,2054-5,2023,2023,14,9831,Unreliable,0.00%
,Delaware,10,65-74 years,65-74,Male,M,White,2106-3,2023,2023,39,49010,79.6,0.00%
,Delaware,10,75-84 years,75-84,Female,F,Black or African American,2054-5,2023,2023,13,5880,Unreliable,0.00%
,Delaware,10,75-84 years,75-84,Female,F,White,2106-3,2023,2023,33,29882,110.4,0.00%
,Delaware,10,75-84 years,75-84,Male,M,White,2106-3,2023,2023,41,25269,162.3,0.00%
,Delaware,10,85+ years,85+,Female,F,White,2106-3,2023,2023,32,9721,329.2,0.00%
,Delaware,10,85+ years,85+,Male,M,White,2106-3,2023,2023,19,6099,Unreliable,0.00%
,District of Columbia,11,55-64 years,55-64,Female,F,Black or African American,2054-5,2023,2023,11,19270,Unreliable,0.00%
,District of Columbia,11,55-64 years,55-64,Male,M,Black or African American,2054-5,2023,2023,17,15454,Unreliable,0.00%
,District of Columbia,11,65-74 years,65-74,Female,F,Black or African American,2054-5,2023,2023,20,17044,117.3,0.00%
,District of Columbia,11,75-84 years,75-84,Female,F,Black or African American,2054-5,2023,2023,18,8859,Unreliable,0.00%
,District of Columbia,11,75-84 years,75-84,Male,M,Black or African American,2054-5,2023,2023,10,4965,Unreliable,0.00%
,District of Columbia,11,85+ years,85+,Female,F,Black or African American,2054-5,2023,2023,12,4064,Unreliable,0.00%
,Florida,12,25-34 years,25-34,Female,F,Black or African American,2054-5,2023,2023,14,290813,Unreliable,0.00%
,Florida,12,25-34 years,25-34,Male,M,Black or African American,2054-5,2023,2023,18,290370,Unreliable,0.00%
,Florida,12,25-34 years,25-34,Male,M,White,2106-3,2023,2023,14,1043336,Unreliable,0.00%
,Florida,12,35-44 years,35-44,Female,F,Black or African American,2054-5,2023,2023,22,273582,8,0.00%
,Florida,12,35-44 years,35-44,Female,F,White,2106-3,2023,2023,31,1051195,2.9,0.00%
,Florida,12,35-44 years,35-44,Male,M,Black or African American,2054-5,2023,2023,35,257822,13.6,0.00%
,Florida,12,35-44 years,35-44,Male,M,White,2106-3,2023,2023,65,1094204,5.9,0.10%
,Florida,12,45-54 years,45-54,Female,F,Black or African American,2054-5,2023,2023,67,240111,27.9,0.10%
,Florida,12,45-54 years,45-54,Female,F,White,2106-3,2023,2023,83,1063101,7.8,0.10%
,Florida,12,45-54 years,45-54,Male,M,Black or African American,2054-5,2023,2023,84,215602,39,0.10%
,Florida,12,45-54 years,45-54,Male,M,White,2106-3,2023,2023,192,1071516,17.9,0.20%
,Florida,12,55-64 years,55-64,Female,F,Black or African American,2054-5,2023,2023,132,227912,57.9,0.10%
,Florida,12,55-64 years,55-64,Female,F,White,2106-3,2023,2023,239,1257021,19,0.30%
,Florida,12,55-64 years,55-64,Male,M,Asian,A,2023,2023,10,38865,Unreliable,0.00%
,Florida,12,55-64 years,55-64,Male,M,Black or African American,2054-5,2023,2023,180,201328,89.4,0.20%
,Florida,12,55-64 years,55-64,Male,M,White,2106-3,2023,2023,561,1198725,46.8,0.60%
,Florida,12,65-74 years,65-74,Female,F,Black or African American,2054-5,2023,2023,206,172546,119.4,0.20%
,Florida,12,65-74 years,65-74,Female,F,White,2106-3,2023,2023,519,1198312,43.3,0.50%
,Florida,12,65-74 years,65-74,Male,M,Asian,A,2023,2023,25,28997,86.2,0.00%
,Florida,12,65-74 years,65-74,Male,M,Black or African American,2054-5,2023,2023,221,138206,159.9,0.20%
,Florida,12,65-74 years,65-74,Male,M,White,2106-3,2023,2023,989,1054650,93.8,1.00%
,Florida,12,75-84 years,75-84,Female,F,Asian,A,2023,2023,17,20040,Unreliable,0.00%
,Florida,12,75-84 years,75-84,Female,F,Black or African American,2054-5,2023,2023,171,81144,210.7,0.20%
,Florida,12,75-84 years,75-84,Female,F,White,2106-3,2023,2023,707,794226,89,0.70%
,Florida,12,75-84 years,75-84,Male,M,Asian,A,2023,2023,23,15937,144.3,0.00%
,Florida,12,75-84 years,75-84,Male,M,Black or African American,2054-5,2023,2023,170,57506,295.6,0.20%
,Florida,12,75-84 years,75-84,Male,M,White,2106-3,2023,2023,1049,672808,155.9,1.10%
,Florida,12,85+ years,85+,Female,F,Asian,A,2023,2023,17,6529,Unreliable,0.00%
,Florida,12,85+ years,85+,Female,F,Black or African American,2054-5,2023,2023,152,29077,522.7,0.20%
,Florida,12,85+ years,85+,Female,F,White,2106-3,2023,2023,511,305066,167.5,0.50%
,Florida,12,85+ years,85+,Male,M,Asian,A,2023,2023,19,4819,Unreliable,0.00%
,Florida,12,85+ years,85+,Male,M,Black or African American,2054-5,2023,2023,79,14719,536.7,0.10%
,Florida,12,85+ years,85+,Male,M,White,2106-3,2023,2023,592,217286,272.5,0.60%
,Georgia,13,25-34 years,25-34,Female,F,Black or African American,2054-5,2023,2023,12,294092,Unreliable,0.00%
,Georgia,13,25-34 years,25-34,Male,M,Black or African American,2054-5,2023,2023,16,268700,Unreliable,0.00%
,Georgia,13,25-34 years,25-34,Male,M,White,2106-3,2023,2023,10,420432,Unreliable,0.00%
,Georgia,13,35-44 years,35-44,Female,F,Black or African American,2054-5,2023,2023,22,276211,8,0.00%
,Georgia,13,35-44 years,35-44,Female,F,White,2106-3,2023,2023,18,413691,Unreliable,0.00%
,Georgia,13,35-44 years,35-44,Male,M,Black or African American,2054-5,2023,2023,34,231385,14.7,0.00%
,Georgia,13,35-44 years,35-44,Male,M,White,2106-3,2023,2023,25,422141,5.9,0.00%
,Georgia,13,45-54 years,45-54,Female,F,Black or African American,2054-5,2023,2023,45,251440,17.9,0.00%
,Georgia,13,45-54 years,45-54,Female,F,White,2106-3,2023,2023,41,413128,9.9,0.00%
,Georgia,13,45-54 years,45-54,Male,M,Black or African American,2054-5,2023,2023,88,205934,42.7,0.10%
,Georgia,13,45-54 years,45-54,Male,M,White,2106-3,2023,2023,74,422457,17.5,0.10%
,Georgia,13,55-64 years,55-64,Female,F,Black or African American,2054-5,2023,2023,104,233455,44.5,0.10%
,Georgia,13,55-64 years,55-64,Female,F,White,2106-3,2023,2023,80,421896,19,0.10%
,Georgia,13,55-64 years,55-64,Male,M,Black or African American,2054-5,2023,2023,133,191946,69.3,0.10%
,Georgia,13,55-64 years,55-64,Male,M,White,2106-3,2023,2023,156,420525,37.1,0.20%
,Georgia,13,65-74 years,65-74,Female,F,Asian,A,2023,2023,10,20759,Unreliable,0.00%
,Georgia,13,65-74 years,65-74,Female,F,Black or African American,2054-5,2023,2023,165,166858,98.9,0.20%
,Georgia,13,65-74 years,65-74,Female,F,White,2106-3,2023,2023,172,357972,48,0.20%
,Georgia,13,65-74 years,65-74,Male,M,Black or African American,2054-5,2023,2023,162,122832,131.9,0.20%
,Georgia,13,65-74 years,65-74,Male,M,White,2106-3,2023,2023,218,321547,67.8,0.20%
,Georgia,13,75-84 years,75-84,Female,F,Black or African American,2054-5,2023,2023,133,71945,184.9,0.10%
,Georgia,13,75-84 years,75-84,Female,F,White,2106-3,2023,2023,161,212021,75.9,0.20%
,Georgia,13,75-84 years,75-84,Male,M,Asian,A,2023,2023,10,7620,Unreliable,0.00%
,Georgia,13,75-84 years,75-84,Male,M,Black or African American,2054-5,2023,2023,117,45974,254.5,0.10%
,Georgia,13,75-84 years,75-84,Male,M,White,2106-3,2023,2023,217,170254,127.5,0.20%
,Georgia,13,85+ years,85+,Female,F,Black or African American,2054-5,2023,2023,83,22146,374.8,0.10%
,Georgia,13,85+ years,85+,Female,F,White,2106-3,2023,2023,107,70605,151.5,0.10%
,Georgia,13,85+ years,85+,Male,M,Black or African American,2054-5,2023,2023,51,9476,538.2,0.10%
,Georgia,13,85+ years,85+,Male,M,White,2106-3,2023,2023,94,41950,224.1,0.10%
,Hawaii,15,55-64 years,55-64,Male,M,More than one race,M,2023,2023,12,14442,Unreliable,0.00%
,Hawaii,15,65-74 years,65-74,Female,F,Asian,A,2023,2023,19,43067,Unreliable,0.00%
,Hawaii,15,65-74 years,65-74,Male,M,Asian,A,2023,2023,20,36584,54.7,0.00%
,Hawaii,15,65-74 years,65-74,Male,M,Native Hawaiian or Other Pacific Islander,NHOPI,2023,2023,10,6359,Unreliable,0.00%
,Hawaii,15,65-74 years,65-74,Male,M,White,2106-3,2023,2023,11,25638,Unreliable,0.00%
,Hawaii,15,65-74 years,65-74,Male,M,More than one race,M,2023,2023,12,10008,Unreliable,0.00%
,Hawaii,15,75-84 years,75-84,Female,F,Asian,A,2023,2023,21,28050,74.9,0.00%
,Hawaii,15,75-84 years,75-84,Male,M,Asian,A,2023,2023,19,21352,Unreliable,0.00%
,Hawaii,15,75-84 years,75-84,Male,M,More than one race,M,2023,2023,13,4377,Unreliable,0.00%
,Hawaii,15,85+ years,85+,Female,F,Asian,A,2023,2023,31,18423,168.3,0.00%
,Hawaii,15,85+ years,85+,Male,M,Asian,A,2023,2023,19,9103,Unreliable,0.00%
,Idaho,16,45-54 years,45-54,Male,M,White,2106-3,2023,2023,14,107788,Unreliable,0.00%
,Idaho,16,55-64 years,55-64,Female,F,White,2106-3,2023,2023,29,107364,27,0.00%
,Idaho,16,55-64 years,55-64,Male,M,White,2106-3,2023,2023,38,106480,35.7,0.00%
,Idaho,16,65-74 years,65-74,Female,F,White,2106-3,2023,2023,40,100483,39.8,0.00%
,Idaho,16,65-74 years,65-74,Male,M,White,2106-3,2023,2023,90,95789,94,0.10%
,Idaho,16,75-84 years,75-84,Female,F,White,2106-3,2023,2023,48,53561,89.6,0.10%
,Idaho,16,75-84 years,75-84,Male,M,White,2106-3,2023,2023,78,48395,161.2,0.10%
,Idaho,16,85+ years,85+,Female,F,White,2106-3,2023,2023,34,17275,196.8,0.00%
,Idaho,16,85+ years,85+,Male,M,White,2106-3,2023,2023,38,11986,317,0.00%
,Illinois,17,25-34 years,25-34,Male,M,White,2106-3,2023,2023,15,622527,Unreliable,0.00%
,Illinois,17,35-44 years,35-44,Female,F,White,2106-3,2023,2023,24,618298,3.9,0.00%
,Illinois,17,35-44 years,35-44,Male,M,Black or African American,2054-5,2023,2023,16,111983,Unreliable,0.00%
,Illinois,17,35-44 years,35-44,Male,M,White,2106-3,2023,2023,40,647090,6.2,0.00%
,Illinois,17,45-54 years,45-54,Female,F,Black or African American,2054-5,2023,2023,17,117712,Unreliable,0.00%
,Illinois,17,45-54 years,45-54,Female,F,White,2106-3,2023,2023,50,584504,8.6,0.10%
,Illinois,17,45-54 years,45-54,Male,M,Black or African American,2054-5,2023,2023,35,98742,35.4,0.00%
,Illinois,17,45-54 years,45-54,Male,M,White,2106-3,2023,2023,87,608982,14.3,0.10%
,Illinois,17,55-64 years,55-64,Female,F,Black or African American,2054-5,2023,2023,65,118626,54.8,0.10%
,Illinois,17,55-64 years,55-64,Female,F,White,2106-3,2023,2023,105,630227,16.7,0.10%
,Illinois,17,55-64 years,55-64,Male,M,Black or African American,2054-5,2023,2023,87,96994,89.7,0.10%
,Illinois,17,55-64 years,55-64,Male,M,White,2106-3,2023,2023,217,632493,34.3,0.20%
,Illinois,17,65-74 years,65-74,Female,F,Black or African American,2054-5,2023,2023,81,95042,85.2,0.10%
,Illinois,17,65-74 years,65-74,Female,F,White,2106-3,2023,2023,206,543331,37.9,0.20%
,Illinois,17,65-74 years,65-74,Male,M,Asian,A,2023,2023,14,29789,Unreliable,0.00%
,Illinois,17,65-74 years,65-74,Male,M,Black or African American,2054-5,2023,2023,98,67406,145.4,0.10%
,Illinois,17,65-74 years,65-74,Male,M,White,2106-3,2023,2023,333,504148,66.1,0.30%
,Illinois,17,75-84 years,75-84,Female,F,Asian,A,2023,2023,19,19678,Unreliable,0.00%
,Illinois,17,75-84 years,75-84,Female,F,Black or African American,2054-5,2023,2023,63,46890,134.4,0.10%
,Illinois,17,75-84 years,75-84,Female,F,White,2106-3,2023,2023,242,307497,78.7,0.30%
,Illinois,17,75-84 years,75-84,Male,M,Asian,A,2023,2023,19,16305,Unreliable,0.00%
,Illinois,17,75-84 years,75-84,Male,M,Black or African American,2054-5,2023,2023,67,28800,232.6,0.10%
,Illinois,17,75-84 years,75-84,Male,M,White,2106-3,2023,2023,355,243275,145.9,0.40%
,Illinois,17,85+ years,85+,Female,F,Asian,A,2023,2023,21,6967,301.4,0.00%
,Illinois,17,85+ years,85+,Female,F,Black or African American,2054-5,2023,2023,62,17823,347.9,0.10%
,Illinois,17,85+ years,85+,Female,F,White,2106-3,2023,2023,242,130839,185,0.30%
,Illinois,17,85+ years,85+,Male,M,Asian,A,2023,2023,17,4750,Unreliable,0.00%
,Illinois,17,85+ years,85+,Male,M,Black or African American,2054-5,2023,2023,24,8201,292.6,0.00%
,Illinois,17,85+ years,85+,Male,M,White,2106-3,2023,2023,209,71173,293.7,0.20%
,Indiana,18,25-34 years,25-34,Male,M,White,2106-3,2023,2023,11,368354,Unreliable,0.00%
,Indiana,18,35-44 years,35-44,Female,F,White,2106-3,2023,2023,12,358142,Unreliable,0.00%
,Indiana,18,35-44 years,35-44,Male,M,White,2106-3,2023,2023,31,364547,8.5,0.00%
,Indiana,18,45-54 years,45-54,Female,F,Black or African American,2054-5,2023,2023,15,42417,Unreliable,0.00%
,Indiana,18,45-54 years,45-54,Female,F,White,2106-3,2023,2023,47,345309,13.6,0.00%
,Indiana,18,45-54 years,45-54,Male,M,Black or African American,2054-5,2023,2023,18,38263,Unreliable,0.00%
,Indiana,18,45-54 years,45-54,Male,M,White,2106-3,2023,2023,83,353734,23.5,0.10%
,Indiana,18,55-64 years,55-64,Female,F,Black or African American,2054-5,2023,2023,19,38382,Unreliable,0.00%
,Indiana,18,55-64 years,55-64,Female,F,White,2106-3,2023,2023,115,376236,30.6,0.10%
,Indiana,18,55-64 years,55-64,Male,M,Black or African American,2054-5,2023,2023,28,33132,84.5,0.00%
,Indiana,18,55-64 years,55-64,Male,M,White,2106-3,2023,2023,193,370033,52.2,0.20%
,Indiana,18,65-74 years,65-74,Female,F,Black or African American,2054-5,2023,2023,35,29403,119,0.00%
,Indiana,18,65-74 years,65-74,Female,F,White,2106-3,2023,2023,210,330575,63.5,0.20%
,Indiana,18,65-74 years,65-74,Male,M,Black or African American,2054-5,2023,2023,39,22287,175,0.00%
,Indiana,18,65-74 years,65-74,Male,M,White,2106-3,2023,2023,299,303198,98.6,0.30%
,Indiana,18,75-84 years,75-84,Female,F,Black or African American,2054-5,2023,2023,28,12688,220.7,0.00%
,Indiana,18,75-84 years,75-84,Female,F,White,2106-3,2023,2023,235,182684,128.6,0.20%
,Indiana,18,75-84 years,75-84,Male,M,Black or African American,2054-5,2023,2023,31,8197,378.2,0.00%
,Indiana,18,75-84 years,75-84,Male,M,White,2106-3,2023,2023,312,143793,217,0.30%
,Indiana,18,85+ years,85+,Female,F,Black or African American,2054-5,2023,2023,29,4479,647.5,0.00%
,Indiana,18,85+ years,85+,Female,F,White,2106-3,2023,2023,234,72871,321.1,0.20%
,Indiana,18,85+ years,85+,Male,M,Black or African American,2054-5,2023,2023,12,2065,Unreliable,0.00%
,Indiana,18,85+ years,85+,Male,M,White,2106-3,2023,2023,186,38656,481.2,0.20%
,Iowa,19,35-44 years,35-44,Female,F,White,2106-3,2023,2023,11,175821,Unreliable,0.00%
,Iowa,19,35-44 years,35-44,Male,M,White,2106-3,2023,2023,17,183832,Unreliable,0.00%
,Iowa,19,45-54 years,45-54,Female,F,White,2106-3,2023,2023,22,162117,13.6,0.00%
,Iowa,19,45-54 years,45-54,Male,M,White,2106-3,2023,2023,29,168246,17.2,0.00%
,Iowa,19,55-64 years,55-64,Female,F,White,2106-3,2023,2023,46,187475,24.5,0.00%
,Iowa,19,55-64 years,55-64,Male,M,White,2106-3,2023,2023,81,186141,43.5,0.10%
,Iowa,19,65-74 years,65-74,Female,F,White,2106-3,2023,2023,101,170797,59.1,0.10%
,Iowa,19,65-74 years,65-74,Male,M,White,2106-3,2023,2023,122,162872,74.9,0.10%
,Iowa,19,75-84 years,75-84,Female,F,White,2106-3,2023,2023,101,95460,105.8,0.10%
,Iowa,19,75-84 years,75-84,Male,M,White,2106-3,2023,2023,149,78009,191,0.20%
,Iowa,19,85+ years,85+,Female,F,White,2106-3,2023,2023,127,45921,276.6,0.10%
,Iowa,19,85+ years,85+,Male,M,White,2106-3,2023,2023,89,23932,371.9,0.10%
,Kansas,20,45-54 years,45-54,Female,F,White,2106-3,2023,2023,17,140963,Unreliable,0.00%
,Kansas,20,45-54 years,45-54,Male,M,White,2106-3,2023,2023,36,145932,24.7,0.00%
,Kansas,20,55-64 years,55-64,Female,F,White,2106-3,2023,2023,41,157287,26.1,0.00%
,Kansas,20,55-64 years,55-64,Male,M,Black or African American,2054-5,2023,2023,15,9541,Unreliable,0.00%
,Kansas,20,55-64 years,55-64,Male,M,White,2106-3,2023,2023,78,154324,50.5,0.10%
,Kansas,20,65-74 years,65-74,Female,F,White,2106-3,2023,2023,95,143767,66.1,0.10%
,Kansas,20,65-74 years,65-74,Male,M,Black or African American,2054-5,2023,2023,11,6532,Unreliable,0.00%
,Kansas,20,65-74 years,65-74,Male,M,White,2106-3,2023,2023,99,133464,74.2,0.10%
,Kansas,20,75-84 years,75-84,Female,F,Black or African American,2054-5,2023,2023,11,3196,Unreliable,0.00%
,Kansas,20,75-84 years,75-84,Female,F,White,2106-3,2023,2023,86,78500,109.6,0.10%
,Kansas,20,75-84 years,75-84,Male,M,Black or African American,2054-5,2023,2023,10,2300,Unreliable,0.00%
,Kansas,20,75-84 years,75-84,Male,M,White,2106-3,2023,2023,125,64156,194.8,0.10%
,Kansas,20,85+ years,85+,Female,F,White,2106-3,2023,2023,85,34802,244.2,0.10%
,Kansas,20,85+ years,85+,Male,M,White,2106-3,2023,2023,90,19602,459.1,0.10%
,Kentucky,21,35-44 years,35-44,Female,F,White,2106-3,2023,2023,20,244115,8.2,0.00%
,Kentucky,21,35-44 years,35-44,Male,M,White,2106-3,2023,2023,25,245842,10.2,0.00%
,Kentucky,21,45-54 years,45-54,Female,F,White,2106-3,2023,2023,49,244302,20.1,0.10%
,Kentucky,21,45-54 years,45-54,Male,M,Black or African American,2054-5,2023,2023,11,22082,Unreliable,0.00%
,Kentucky,21,45-54 years,45-54,Male,M,White,2106-3,2023,2023,65,246216,26.4,0.10%
,Kentucky,21,55-64 years,55-64,Female,F,Black or African American,2054-5,2023,2023,16,22528,Unreliable,0.00%
,Kentucky,21,55-64 years,55-64,Female,F,White,2106-3,2023,2023,102,266537,38.3,0.10%
,Kentucky,21,55-64 years,55-64,Male,M,Black or African American,2054-5,2023,2023,25,21023,118.9,0.00%
,Kentucky,21,55-64 years,55-64,Male,M,White,2106-3,2023,2023,147,255357,57.6,0.20%
,Kentucky,21,65-74 years,65-74,Female,F,Black or African American,2054-5,2023,2023,21,17782,118.1,0.00%
,Kentucky,21,65-74 years,65-74,Female,F,White,2106-3,2023,2023,154,233676,65.9,0.20%
,Kentucky,21,65-74 years,65-74,Male,M,Black or African American,2054-5,2023,2023,20,14584,137.1,0.00%
,Kentucky,21,65-74 years,65-74,Male,M,White,2106-3,2023,2023,241,208816,115.4,0.30%
,Kentucky,21,75-84 years,75-84,Female,F,Black or African American,2054-5,2023,2023,20,7412,269.8,0.00%
,Kentucky,21,75-84 years,75-84,Female,F,White,2106-3,2023,2023,167,128176,130.3,0.20%
,Kentucky,21,75-84 years,75-84,Male,M,Black or African American,2054-5,2023,2023,18,4930,Unreliable,0.00%
,Kentucky,21,75-84 years,75-84,Male,M,White,2106-3,2023,2023,237,101025,234.6,0.20%
,Kentucky,21,85+ years,85+,Female,F,White,2106-3,2023,2023,124,44706,277.4,0.10%
,Kentucky,21,85+ years,85+,Male,M,White,2106-3,2023,2023,100,25254,396,0.10%
,Louisiana,22,25-34 years,25-34,Male,M,Black or African American,2054-5,2023,2023,10,103995,Unreliable,0.00%
,Louisiana,22,35-44 years,35-44,Male,M,Black or African American,2054-5,2023,2023,15,91707,Unreliable,0.00%
,Louisiana,22,35-44 years,35-44,Male,M,White,2106-3,2023,2023,13,194515,Unreliable,0.00%
,Louisiana,22,45-54 years,45-54,Female,F,Black or African American,2054-5,2023,2023,34,86104,39.5,0.00%
,Louisiana,22,45-54 years,45-54,Female,F,White,2106-3,2023,2023,23,169178,13.6,0.00%
,Louisiana,22,45-54 years,45-54,Male,M,Black or African American,2054-5,2023,2023,34,72732,46.7,0.00%
,Louisiana,22,45-54 years,45-54,Male,M,White,2106-3,2023,2023,40,173590,23,0.00%
,Louisiana,22,55-64 years,55-64,Female,F,Black or African American,2054-5,2023,2023,65,92728,70.1,0.10%
,Louisiana,22,55-64 years,55-64,Female,F,White,2106-3,2023,2023,61,191326,31.9,0.10%
,Louisiana,22,55-64 years,55-64,Male,M,Black or African American,2054-5,2023,2023,79,75801,104.2,0.10%
,Louisiana,22,55-64 years,55-64,Male,M,White,2106-3,2023,2023,89,186710,47.7,0.10%
,Louisiana,22,65-74 years,65-74,Female,F,Black or African American,2054-5,2023,2023,93,75398,123.3,0.10%
,Louisiana,22,65-74 years,65-74,Female,F,White,2106-3,2023,2023,86,172448,49.9,0.10%
,Louisiana,22,65-74 years,65-74,Male,M,Black or African American,2054-5,2023,2023,121,57784,209.4,0.10%
,Louisiana,22,65-74 years,65-74,Male,M,White,2106-3,2023,2023,161,158264,101.7,0.20%
,Louisiana,22,75-84 years,75-84,Female,F,Black or African American,2054-5,2023,2023,75,33105,226.6,0.10%
,Louisiana,22,75-84 years,75-84,Female,F,White,2106-3,2023,2023,115,98430,116.8,0.10%
,Louisiana,22,75-84 years,75-84,Male,M,Black or African American,2054-5,2023,2023,79,21828,361.9,0.10%
,Louisiana,22,75-84 years,75-84,Male,M,White,2106-3,2023,2023,137,79194,173,0.10%
,Louisiana,22,85+ years,85+,Female,F,Black or African American,2054-5,2023,2023,55,11194,491.3,0.10%
,Louisiana,22,85+ years,85+,Female,F,White,2106-3,2023,2023,68,35441,191.9,0.10%
,Louisiana,22,85+ years,85+,Male,M,Black or African American,2054-5,2023,2023,34,5389,630.9,0.00%
,Louisiana,22,85+ years,85+,Male,M,White,2106-3,2023,2023,80,20753,385.5,0.10%
,Maine,23,45-54 years,45-54,Female,F,White,2106-3,2023,2023,11,79688,Unreliable,0.00%
,Maine,23,45-54 years,45-54,Male,M,White,2106-3,2023,2023,18,78136,Unreliable,0.00%
,Maine,23,55-64 years,55-64,Female,F,White,2106-3,2023,2023,22,102432,21.5,0.00%
,Maine,23,55-64 years,55-64,Male,M,White,2106-3,2023,2023,57,96629,59,0.10%
,Maine,23,65-74 years,65-74,Female,F,White,2106-3,2023,2023,61,96762,63,0.10%
,Maine,23,65-74 years,65-74,Male,M,White,2106-3,2023,2023,95,88503,107.3,0.10%
,Maine,23,75-84 years,75-84,Female,F,White,2106-3,2023,2023,58,51915,111.7,0.10%
,Maine,23,75-84 years,75-84,Male,M,White,2106-3,2023,2023,94,44547,211,0.10%
,Maine,23,85+ years,85+,Female,F,White,2106-3,2023,2023,63,19501,323.1,0.10%
,Maine,23,85+ years,85+,Male,M,White,2106-3,2023,2023,47,11387,412.8,0.00%
,Maryland,24,25-34 years,25-34,Male,M,Black or African American,2054-5,2023,2023,10,133617,Unreliable,0.00%
,Maryland,24,35-44 years,35-44,Male,M,Black or African American,2054-5,2023,2023,21,126123,16.7,0.00%
,Maryland,24,35-44 years,35-44,Male,M,White,2106-3,2023,2023,12,243768,Unreliable,0.00%
,Maryland,24,45-54 years,45-54,Female,F,Black or African American,2054-5,2023,2023,20,134508,14.9,0.00%
,Maryland,24,45-54 years,45-54,Female,F,White,2106-3,2023,2023,18,213098,Unreliable,0.00%
,Maryland,24,45-54 years,45-54,Male,M,Black or African American,2054-5,2023,2023,42,114228,36.8,0.00%
,Maryland,24,45-54 years,45-54,Male,M,White,2106-3,2023,2023,34,218190,15.6,0.00%
,Maryland,24,55-64 years,55-64,Female,F,Black or African American,2054-5,2023,2023,37,140788,26.3,0.00%
,Maryland,24,55-64 years,55-64,Female,F,White,2106-3,2023,2023,42,247199,17,0.00%
,Maryland,24,55-64 years,55-64,Male,M,Black or African American,2054-5,2023,2023,80,117340,68.2,0.10%
,Maryland,24,55-64 years,55-64,Male,M,White,2106-3,2023,2023,98,243242,40.3,0.10%
,Maryland,24,65-74 years,65-74,Female,F,Black or African American,2054-5,2023,2023,88,103803,84.8,0.10%
,Maryland,24,65-74 years,65-74,Female,F,White,2106-3,2023,2023,82,206771,39.7,0.10%
,Maryland,24,65-74 years,65-74,Male,M,Black or African American,2054-5,2023,2023,114,74437,153.1,0.10%
,Maryland,24,65-74 years,65-74,Male,M,White,2106-3,2023,2023,131,189951,69,0.10%
,Maryland,24,75-84 years,75-84,Female,F,Asian,A,2023,2023,14,11247,Unreliable,0.00%
,Maryland,24,75-84 years,75-84,Female,F,Black or African American,2054-5,2023,2023,75,50006,150,0.10%
,Maryland,24,75-84 years,75-84,Female,F,White,2106-3,2023,2023,130,124259,104.6,0.10%
,Maryland,24,75-84 years,75-84,Male,M,Asian,A,2023,2023,15,8875,Unreliable,0.00%
,Maryland,24,75-84 years,75-84,Male,M,Black or African American,2054-5,2023,2023,81,31105,260.4,0.10%
,Maryland,24,75-84 years,75-84,Male,M,White,2106-3,2023,2023,146,99697,146.4,0.20%
,Maryland,24,85+ years,85+,Female,F,Asian,A,2023,2023,18,4129,Unreliable,0.00%
,Maryland,24,85+ years,85+,Female,F,Black or African American,2054-5,2023,2023,97,17146,565.7,0.10%
,Maryland,24,85+ years,85+,Female,F,White,2106-3,2023,2023,135,50940,265,0.10%
,Maryland,24,85+ years,85+,Male,M,Black or African American,2054-5,2023,2023,56,7328,764.2,0.10%
,Maryland,24,85+ years,85+,Male,M,White,2106-3,2023,2023,116,29374,394.9,0.10%
,Massachusetts,25,35-44 years,35-44,Female,F,White,2106-3,2023,2023,10,352538,Unreliable,0.00%
,Massachusetts,25,35-44 years,35-44,Male,M,White,2106-3,2023,2023,14,353372,Unreliable,0.00%
,Massachusetts,25,45-54 years,45-54,Female,F,White,2106-3,2023,2023,15,340607,Unreliable,0.00%
,Massachusetts,25,45-54 years,45-54,Male,M,White,2106-3,2023,2023,51,332022,15.4,0.10%
,Massachusetts,25,55-64 years,55-64,Female,F,Black or African American,2054-5,2023,2023,14,38074,Unreliable,0.00%
,Massachusetts,25,55-64 years,55-64,Female,F,White,2106-3,2023,2023,55,409774,13.4,0.10%
,Massachusetts,25,55-64 years,55-64,Male,M,Black or African American,2054-5,2023,2023,19,34603,Unreliable,0.00%
,Massachusetts,25,55-64 years,55-64,Male,M,White,2106-3,2023,2023,140,391425,35.8,0.10%
,Massachusetts,25,65-74 years,65-74,Female,F,Black or African American,2054-5,2023,2023,13,25934,Unreliable,0.00%
,Massachusetts,25,65-74 years,65-74,Female,F,White,2106-3,2023,2023,134,349442,38.3,0.10%
,Massachusetts,25,65-74 years,65-74,Male,M,Black or African American,2054-5,2023,2023,23,20641,111.4,0.00%
,Massachusetts,25,65-74 years,65-74,Male,M,White,2106-3,2023,2023,168,311478,53.9,0.20%
,Massachusetts,25,75-84 years,75-84,Female,F,Black or African American,2054-5,2023,2023,20,12128,164.9,0.00%
,Massachusetts,25,75-84 years,75-84,Female,F,White,2106-3,2023,2023,147,201177,73.1,0.20%
,Massachusetts,25,75-84 years,75-84,Male,M,Black or African American,2054-5,2023,2023,21,7715,272.2,0.00%
,Massachusetts,25,75-84 years,75-84,Male,M,White,2106-3,2023,2023,181,156788,115.4,0.20%
,Massachusetts,25,85+ years,85+,Female,F,Asian,A,2023,2023,12,3615,Unreliable,0.00%
,Massachusetts,25,85+ years,85+,Female,F,Black or African American,2054-5,2023,2023,15,4447,Unreliable,0.00%
,Massachusetts,25,85+ years,85+,Female,F,White,2106-3,2023,2023,165,84375,195.6,0.20%
,Massachusetts,25,85+ years,85+,Male,M,Black or African American,2054-5,2023,2023,10,2253,Unreliable,0.00%
,Massachusetts,25,85+ years,85+,Male,M,White,2106-3,2023,2023,135,43521,310.2,0.10%
,Michigan,26,25-34 years,25-34,Female,F,Black or African American,2054-5,2023,2023,11,112952,Unreliable,0.00%
,Michigan,26,25-34 years,25-34,Male,M,White,2106-3,2023,2023,13,504426,Unreliable,0.00%
,Michigan,26,35-44 years,35-44,Female,F,White,2106-3,2023,2023,20,473952,4.2,0.00%
,Michigan,26,35-44 years,35-44,Male,M,Black or African American,2054-5,2023,2023,15,81233,Unreliable,0.00%
,Michigan,26,35-44 years,35-44,Male,M,White,2106-3,2023,2023,20,490188,4.1,0.00%
,Michigan,26,45-54 years,45-54,Female,F,Black or African American,2054-5,2023,2023,13,91162,Unreliable,0.00%
,Michigan,26,45-54 years,45-54,Female,F,White,2106-3,2023,2023,40,466600,8.6,0.00%
,Michigan,26,45-54 years,45-54,Male,M,Black or African American,2054-5,2023,2023,28,77270,36.2,0.00%
,Michigan,26,45-54 years,45-54,Male,M,White,2106-3,2023,2023,92,478794,19.2,0.10%
,Michigan,26,55-64 years,55-64,Female,F,Black or African American,2054-5,2023,2023,36,86468,41.6,0.00%
,Michigan,26,55-64 years,55-64,Female,F,White,2106-3,2023,2023,137,561968,24.4,0.10%
,Michigan,26,55-64 years,55-64,Male,M,Black or African American,2054-5,2023,2023,54,73012,74,0.10%
,Michigan,26,55-64 years,55-64,Male,M,White,2106-3,2023,2023,271,557346,48.6,0.30%
,Michigan,26,65-74 years,65-74,Female,F,Black or African American,2054-5,2023,2023,68,72204,94.2,0.10%
,Michigan,26,65-74 years,65-74,Female,F,White,2106-3,2023,2023,267,511966,52.2,0.30%
,Michigan,26,65-74 years,65-74,Male,M,Black or African American,2054-5,2023,2023,92,52682,174.6,0.10%
,Michigan,26,65-74 years,65-74,Male,M,White,2106-3,2023,2023,429,478299,89.7,0.50%
,Michigan,26,75-84 years,75-84,Female,F,Black or African American,2054-5,2023,2023,64,34535,185.3,0.10%
,Michigan,26,75-84 years,75-84,Female,F,White,2106-3,2023,2023,309,277139,111.5,0.30%
,Michigan,26,75-84 years,75-84,Male,M,Black or African American,2054-5,2023,2023,50,22353,223.7,0.10%
,Michigan,26,75-84 years,75-84,Male,M,White,2106-3,2023,2023,436,230717,189,0.50%
,Michigan,26,85+ years,85+,Female,F,Black or African American,2054-5,2023,2023,53,12582,421.2,0.10%
,Michigan,26,85+ years,85+,Female,F,White,2106-3,2023,2023,276,103903,265.6,0.30%
,Michigan,26,85+ years,85+,Male,M,Black or African American,2054-5,2023,2023,26,5820,446.7,0.00%
,Michigan,26,85+ years,85+,Male,M,White,2106-3,2023,2023,224,59423,377,0.20%
,Minnesota,27,45-54 years,45-54,Female,F,White,2106-3,2023,2023,14,272787,Unreliable,0.00%
,Minnesota,27,45-54 years,45-54,Male,M,White,2106-3,2023,2023,51,286784,17.8,0.10%
,Minnesota,27,55-64 years,55-64,Female,F,Black or African American,2054-5,2023,2023,10,16240,Unreliable,0.00%
,Minnesota,27,55-64 years,55-64,Female,F,White,2106-3,2023,2023,58,325828,17.8,0.10%
,Minnesota,27,55-64 years,55-64,Male,M,White,2106-3,2023,2023,120,327704,36.6,0.10%
,Minnesota,27,65-74 years,65-74,Female,F,Black or African American,2054-5,2023,2023,10,9513,Unreliable,0.00%
,Minnesota,27,65-74 years,65-74,Female,F,White,2106-3,2023,2023,123,287022,42.9,0.10%
,Minnesota,27,65-74 years,65-74,Male,M,Black or African American,2054-5,2023,2023,15,9019,Unreliable,0.00%
,Minnesota,27,65-74 years,65-74,Male,M,White,2106-3,2023,2023,223,274793,81.2,0.20%
,Minnesota,27,75-84 years,75-84,Female,F,White,2106-3,2023,2023,161,156244,103,0.20%
,Minnesota,27,75-84 years,75-84,Male,M,White,2106-3,2023,2023,205,131403,156,0.20%
,Minnesota,27,85+ years,85+,Female,F,White,2106-3,2023,2023,158,70718,223.4,0.20%
,Minnesota,27,85+ years,85+,Male,M,White,2106-3,2023,2023,139,40086,346.8,0.10%
,Mississippi,28,35-44 years,35-44,Female,F,Black or African American,2054-5,2023,2023,16,77388,Unreliable,0.00%
,Mississippi,28,35-44 years,35-44,Male,M,Black or African American,2054-5,2023,2023,13,65539,Unreliable,0.00%
,Mississippi,28,45-54 years,45-54,Female,F,Black or African American,2054-5,2023,2023,28,71954,38.9,0.00%
,Mississippi,28,45-54 years,45-54,Female,F,White,2106-3,2023,2023,12,104678,Unreliable,0.00%
,Mississippi,28,45-54 years,45-54,Male,M,Black or African American,2054-5,2023,2023,30,58252,51.5,0.00%
,Mississippi,28,45-54 years,45-54,Male,M,White,2106-3,2023,2023,27,106776,25.3,0.00%
,Mississippi,28,55-64 years,55-64,Female,F,Black or African American,2054-5,2023,2023,52,71525,72.7,0.10%
,Mississippi,28,55-64 years,55-64,Female,F,White,2106-3,2023,2023,33,115039,28.7,0.00%
,Mississippi,28,55-64 years,55-64,Male,M,Black or African American,2054-5,2023,2023,68,57951,117.3,0.10%
,Mississippi,28,55-64 years,55-64,Male,M,White,2106-3,2023,2023,50,113844,43.9,0.10%
,Mississippi,28,65-74 years,65-74,Female,F,Black or African American,2054-5,2023,2023,81,56396,143.6,0.10%
,Mississippi,28,65-74 years,65-74,Female,F,White,2106-3,2023,2023,65,106165,61.2,0.10%
,Mississippi,28,65-74 years,65-74,Male,M,Black or African American,2054-5,2023,2023,107,44060,242.9,0.10%
,Mississippi,28,65-74 years,65-74,Male,M,White,2106-3,2023,2023,79,95806,82.5,0.10%
,Mississippi,28,75-84 years,75-84,Female,F,Black or African American,2054-5,2023,2023,65,23367,278.2,0.10%
,Mississippi,28,75-84 years,75-84,Female,F,White,2106-3,2023,2023,74,65089,113.7,0.10%
,Mississippi,28,75-84 years,75-84,Male,M,Black or African American,2054-5,2023,2023,42,15642,268.5,0.00%
,Mississippi,28,75-84 years,75-84,Male,M,White,2106-3,2023,2023,111,51465,215.7,0.10%
,Mississippi,28,85+ years,85+,Female,F,Black or African American,2054-5,2023,2023,48,8160,588.2,0.10%
,Mississippi,28,85+ years,85+,Female,F,White,2106-3,2023,2023,45,24520,183.5,0.00%
,Mississippi,28,85+ years,85+,Male,M,Black or African American,2054-5,2023,2023,24,3449,695.9,0.00%
,Mississippi,28,85+ years,85+,Male,M,White,2106-3,2023,2023,44,13330,330.1,0.00%
,Missouri,29,25-34 years,25-34,Male,M,White,2106-3,2023,2023,11,325421,Unreliable,0.00%
,Missouri,29,35-44 years,35-44,Male,M,Black or African American,2054-5,2023,2023,12,43916,Unreliable,0.00%
,Missouri,29,35-44 years,35-44,Male,M,White,2106-3,2023,2023,20,333920,6,0.00%
,Missouri,29,45-54 years,45-54,Female,F,Black or African American,2054-5,2023,2023,14,43341,Unreliable,0.00%
,Missouri,29,45-54 years,45-54,Female,F,White,2106-3,2023,2023,41,298928,13.7,0.00%
,Missouri,29,45-54 years,45-54,Male,M,Black or African American,2054-5,2023,2023,13,37183,Unreliable,0.00%
,Missouri,29,45-54 years,45-54,Male,M,White,2106-3,2023,2023,67,304462,22,0.10%
,Missouri,29,55-64 years,55-64,Female,F,Black or African American,2054-5,2023,2023,15,44270,Unreliable,0.00%
,Missouri,29,55-64 years,55-64,Female,F,White,2106-3,2023,2023,86,343868,25,0.10%
,Missouri,29,55-64 years,55-64,Male,M,Black or African American,2054-5,2023,2023,43,36996,116.2,0.00%
,Missouri,29,55-64 years,55-64,Male,M,White,2106-3,2023,2023,158,336460,47,0.20%
,Missouri,29,65-74 years,65-74,Female,F,Black or African American,2054-5,2023,2023,33,34473,95.7,0.00%
,Missouri,29,65-74 years,65-74,Female,F,White,2106-3,2023,2023,149,307729,48.4,0.20%
,Missouri,29,65-74 years,65-74,Male,M,Black or African American,2054-5,2023,2023,35,25385,137.9,0.00%
,Missouri,29,65-74 years,65-74,Male,M,White,2106-3,2023,2023,250,280112,89.3,0.30%
,Missouri,29,75-84 years,75-84,Female,F,Black or African American,2054-5,2023,2023,31,15898,195,0.00%
,Missouri,29,75-84 years,75-84,Female,F,White,2106-3,2023,2023,159,173533,91.6,0.20%
,Missouri,29,75-84 years,75-84,Male,M,Black or African American,2054-5,2023,2023,34,9905,343.3,0.00%
,Missouri,29,75-84 years,75-84,Male,M,White,2106-3,2023,2023,270,139619,193.4,0.30%
,Missouri,29,85+ years,85+,Female,F,Black or African American,2054-5,2023,2023,29,5831,497.3,0.00%
,Missouri,29,85+ years,85+,Female,F,White,2106-3,2023,2023,150,69405,216.1,0.20%
,Missouri,29,85+ years,85+,Male,M,White,2106-3,2023,2023,161,39084,411.9,0.20%
,Montana,30,55-64 years,55-64,Female,F,White,2106-3,2023,2023,15,65664,Unreliable,0.00%
,Montana,30,55-64 years,55-64,Male,M,American Indian or Alaska Native,1002-5,2023,2023,10,3220,Unreliable,0.00%
,Montana,30,55-64 years,55-64,Male,M,White,2106-3,2023,2023,31,65151,47.6,0.00%
,Montana,30,65-74 years,65-74,Female,F,White,2106-3,2023,2023,31,67146,46.2,0.00%
,Montana,30,65-74 years,65-74,Male,M,White,2106-3,2023,2023,46,65547,70.2,0.00%
,Montana,30,75-84 years,75-84,Female,F,White,2106-3,2023,2023,31,33994,91.2,0.00%
,Montana,30,75-84 years,75-84,Male,M,White,2106-3,2023,2023,56,32356,173.1,0.10%
,Montana,30,85+ years,85+,Female,F,White,2106-3,2023,2023,17,12456,Unreliable,0.00%
,Montana,30,85+ years,85+,Male,M,White,2106-3,2023,2023,31,8320,372.6,0.00%
,Nebraska,31,45-54 years,45-54,Male,M,White,2106-3,2023,2023,21,100728,20.8,0.00%
,Nebraska,31,55-64 years,55-64,Female,F,White,2106-3,2023,2023,26,105537,24.6,0.00%
,Nebraska,31,55-64 years,55-64,Male,M,White,2106-3,2023,2023,46,106022,43.4,0.00%
,Nebraska,31,65-74 years,65-74,Female,F,White,2106-3,2023,2023,56,97365,57.5,0.10%
,Nebraska,31,65-74 years,65-74,Male,M,White,2106-3,2023,2023,96,91726,104.7,0.10%
,Nebraska,31,75-84 years,75-84,Female,F,White,2106-3,2023,2023,52,52581,98.9,0.10%
,Nebraska,31,75-84 years,75-84,Male,M,White,2106-3,2023,2023,77,43527,176.9,0.10%
,Nebraska,31,85+ years,85+,Female,F,White,2106-3,2023,2023,70,23062,303.5,0.10%
,Nebraska,31,85+ years,85+,Male,M,White,2106-3,2023,2023,51,13206,386.2,0.10%
,Nevada,32,35-44 years,35-44,Male,M,White,2106-3,2023,2023,16,165404,Unreliable,0.00%
,Nevada,32,45-54 years,45-54,Female,F,White,2106-3,2023,2023,14,139390,Unreliable,0.00%
,Nevada,32,45-54 years,45-54,Male,M,White,2106-3,2023,2023,26,151891,17.1,0.00%
,Nevada,32,55-64 years,55-64,Female,F,Black or African American,2054-5,2023,2023,11,18572,Unreliable,0.00%
,Nevada,32,55-64 years,55-64,Female,F,White,2106-3,2023,2023,28,144695,19.4,0.00%
,Nevada,32,55-64 years,55-64,Male,M,Black or African American,2054-5,2023,2023,16,17904,Unreliable,0.00%
,Nevada,32,55-64 years,55-64,Male,M,White,2106-3,2023,2023,90,154543,58.2,0.10%
,Nevada,32,65-74 years,65-74,Female,F,Black or African American,2054-5,2023,2023,20,13737,145.6,0.00%
,Nevada,32,65-74 years,65-74,Female,F,White,2106-3,2023,2023,80,130775,61.2,0.10%
,Nevada,32,65-74 years,65-74,Male,M,Asian,A,2023,2023,14,14565,Unreliable,0.00%
,Nevada,32,65-74 years,65-74,Male,M,Black or African American,2054-5,2023,2023,17,11826,Unreliable,0.00%
,Nevada,32,65-74 years,65-74,Male,M,White,2106-3,2023,2023,121,126203,95.9,0.10%
,Nevada,32,75-84 years,75-84,Female,F,Asian,A,2023,2023,10,10887,Unreliable,0.00%
,Nevada,32,75-84 years,75-84,Female,F,Black or African American,2054-5,2023,2023,13,6505,Unreliable,0.00%
,Nevada,32,75-84 years,75-84,Female,F,White,2106-3,2023,2023,67,73665,91,0.10%
,Nevada,32,75-84 years,75-84,Male,M,Asian,A,2023,2023,19,7645,Unreliable,0.00%
,Nevada,32,75-84 years,75-84,Male,M,Black or African American,2054-5,2023,2023,10,4824,Unreliable,0.00%
,Nevada,32,75-84 years,75-84,Male,M,White,2106-3,2023,2023,121,69050,175.2,0.10%
,Nevada,32,85+ years,85+,Female,F,White,2106-3,2023,2023,49,20714,236.6,0.10%
,Nevada,32,85+ years,85+,Male,M,White,2106-3,2023,2023,55,16642,330.5,0.10%
,New Hampshire,33,45-54 years,45-54,Male,M,White,2106-3,2023,2023,11,78086,Unreliable,0.00%
,New Hampshire,33,55-64 years,55-64,Female,F,White,2106-3,2023,2023,12,103237,Unreliable,0.00%
,New Hampshire,33,55-64 years,55-64,Male,M,White,2106-3,2023,2023,32,100767,31.8,0.00%
,New Hampshire,33,65-74 years,65-74,Female,F,White,2106-3,2023,2023,31,87098,35.6,0.00%
,New Hampshire,33,65-74 years,65-74,Male,M,White,2106-3,2023,2023,60,82539,72.7,0.10%
,New Hampshire,33,75-84 years,75-84,Female,F,White,2106-3,2023,2023,53,45578,116.3,0.10%
,New Hampshire,33,75-84 years,75-84,Male,M,White,2106-3,2023,2023,54,39076,138.2,0.10%
,New Hampshire,33,85+ years,85+,Female,F,White,2106-3,2023,2023,46,17959,256.1,0.00%
,New Hampshire,33,85+ years,85+,Male,M,White,2106-3,2023,2023,43,10075,426.8,0.00%
,New Jersey,34,35-44 years,35-44,Male,M,Black or African American,2054-5,2023,2023,11,96773,Unreliable,0.00%
,New Jersey,34,35-44 years,35-44,Male,M,White,2106-3,2023,2023,18,422135,Unreliable,0.00%
,New Jersey,34,45-54 years,45-54,Female,F,White,2106-3,2023,2023,19,410319,Unreliable,0.00%
,New Jersey,34,45-54 years,45-54,Male,M,Black or African American,2054-5,2023,2023,25,85613,29.2,0.00%
,New Jersey,34,45-54 years,45-54,Male,M,White,2106-3,2023,2023,61,415381,14.7,0.10%
,New Jersey,34,55-64 years,55-64,Female,F,Black or African American,2054-5,2023,2023,24,95449,25.1,0.00%
,New Jersey,34,55-64 years,55-64,Female,F,White,2106-3,2023,2023,60,473596,12.7,0.10%
,New Jersey,34,55-64 years,55-64,Male,M,Black or African American,2054-5,2023,2023,55,81321,67.6,0.10%
,New Jersey,34,55-64 years,55-64,Male,M,White,2106-3,2023,2023,149,463878,32.1,0.20%
,New Jersey,34,65-74 years,65-74,Female,F,Asian,A,2023,2023,12,42016,Unreliable,0.00%
,New Jersey,34,65-74 years,65-74,Female,F,Black or African American,2054-5,2023,2023,43,65161,66,0.00%
,New Jersey,34,65-74 years,65-74,Female,F,White,2106-3,2023,2023,104,390321,26.6,0.10%
,New Jersey,34,65-74 years,65-74,Male,M,Asian,A,2023,2023,12,36675,Unreliable,0.00%
,New Jersey,34,65-74 years,65-74,Male,M,Black or African American,2054-5,2023,2023,61,47954,127.2,0.10%
,New Jersey,34,65-74 years,65-74,Male,M,White,2106-3,2023,2023,216,352988,61.2,0.20%
,New Jersey,34,75-84 years,75-84,Female,F,Asian,A,2023,2023,26,22202,117.1,0.00%
,New Jersey,34,75-84 years,75-84,Female,F,Black or African American,2054-5,2023,2023,45,33555,134.1,0.00%
,New Jersey,34,75-84 years,75-84,Female,F,White,2106-3,2023,2023,161,232520,69.2,0.20%
,New Jersey,34,75-84 years,75-84,Male,M,Asian,A,2023,2023,25,18692,133.7,0.00%
,New Jersey,34,75-84 years,75-84,Male,M,Black or African American,2054-5,2023,2023,50,20201,247.5,0.10%
,New Jersey,34,75-84 years,75-84,Male,M,White,2106-3,2023,2023,179,178416,100.3,0.20%
,New Jersey,34,85+ years,85+,Female,F,Asian,A,2023,2023,18,8126,Unreliable,0.00%
,New Jersey,34,85+ years,85+,Female,F,Black or African American,2054-5,2023,2023,45,12865,349.8,0.00%
,New Jersey,34,85+ years,85+,Female,F,White,2106-3,2023,2023,174,97842,177.8,0.20%
,New Jersey,34,85+ years,85+,Male,M,Asian,A,2023,2023,13,5871,Unreliable,0.00%
,New Jersey,34,85+ years,85+,Male,M,Black or African American,2054-5,2023,2023,21,5619,373.7,0.00%
,New Jersey,34,85+ years,85+,Male,M,White,2106-3,2023,2023,134,53628,249.9,0.10%
,New Mexico,35,35-44 years,35-44,Male,M,White,2106-3,2023,2023,14,111820,Unreliable,0.00%
,New Mexico,35,45-54 years,45-54,Female,F,White,2106-3,2023,2023,13,96400,Unreliable,0.00%
,New Mexico,35,45-54 years,45-54,Male,M,White,2106-3,2023,2023,33,96021,34.4,0.00%
,New Mexico,35,55-64 years,55-64,Female,F,White,2106-3,2023,2023,36,112135,32.1,0.00%
,New Mexico,35,55-64 years,55-64,Male,M,American Indian or Alaska Native,1002-5,2023,2023,11,11514,Unreliable,0.00%
,New Mexico,35,55-64 years,55-64,Male,M,White,2106-3,2023,2023,64,105700,60.5,0.10%
,New Mexico,35,65-74 years,65-74,Female,F,American Indian or Alaska Native,1002-5,2023,2023,12,10144,Unreliable,0.00%
,New Mexico,35,65-74 years,65-74,Female,F,White,2106-3,2023,2023,64,113568,56.4,0.10%
,New Mexico,35,65-74 years,65-74,Male,M,American Indian or Alaska Native,1002-5,2023,2023,16,8046,Unreliable,0.00%
,New Mexico,35,65-74 years,65-74,Male,M,White,2106-3,2023,2023,102,101571,100.4,0.10%
,New Mexico,35,75-84 years,75-84,Female,F,American Indian or Alaska Native,1002-5,2023,2023,13,4972,Unreliable,0.00%
,New Mexico,35,75-84 years,75-84,Female,F,White,2106-3,2023,2023,66,63927,103.2,0.10%
,New Mexico,35,75-84 years,75-84,Male,M,American Indian or Alaska Native,1002-5,2023,2023,12,3464,Unreliable,0.00%
,New Mexico,35,75-84 years,75-84,Male,M,White,2106-3,2023,2023,111,55074,201.5,0.10%
,New Mexico,35,85+ years,85+,Female,F,American Indian or Alaska Native,1002-5,2023,2023,14,1824,Unreliable,0.00%
,New Mexico,35,85+ years,85+,Female,F,White,2106-3,2023,2023,57,21154,269.5,0.10%
,New Mexico,35,85+ years,85+,Male,M,American Indian or Alaska Native,1002-5,2023,2023,11,875,Unreliable,0.00%
,New Mexico,35,85+ years,85+,Male,M,White,2106-3,2023,2023,49,14376,340.8,0.10%
,New York,36,25-34 years,25-34,Female,F,Black or African American,2054-5,2023,2023,10,265123,Unreliable,0.00%
,New York,36,25-34 years,25-34,Female,F,White,2106-3,2023,2023,10,887836,Unreliable,0.00%
,New York,36,25-34 years,25-34,Male,M,Black or African American,2054-5,2023,2023,13,261982,Unreliable,0.00%
,New York,36,25-34 years,25-34,Male,M,White,2106-3,2023,2023,18,897598,Unreliable,0.00%
,New York,36,35-44 years,35-44,Female,F,Black or African American,2054-5,2023,2023,16,236813,Unreliable,0.00%
,New York,36,35-44 years,35-44,Female,F,White,2106-3,2023,2023,15,837529,Unreliable,0.00%
,New York,36,35-44 years,35-44,Male,M,Black or African American,2054-5,2023,2023,29,220424,13.2,0.00%
,New York,36,35-44 years,35-44,Male,M,White,2106-3,2023,2023,51,871424,5.9,0.10%
,New York,36,45-54 years,45-54,Female,F,Black or African American,2054-5,2023,2023,29,226045,12.8,0.00%
,New York,36,45-54 years,45-54,Female,F,White,2106-3,2023,2023,60,799434,7.5,0.10%
,New York,36,45-54 years,45-54,Male,M,Black or African American,2054-5,2023,2023,49,192005,25.5,0.10%
,New York,36,45-54 years,45-54,Male,M,White,2106-3,2023,2023,111,813235,13.6,0.10%
,New York,36,55-64 years,55-64,Female,F,Black or African American,2054-5,2023,2023,88,244178,36,0.10%
,New York,36,55-64 years,55-64,Female,F,White,2106-3,2023,2023,142,932800,15.2,0.10%
,New York,36,55-64 years,55-64,Male,M,Asian,A,2023,2023,16,110194,Unreliable,0.00%
,New York,36,55-64 years,55-64,Male,M,Black or African American,2054-5,2023,2023,110,200127,55,0.10%
,New York,36,55-64 years,55-64,Male,M,White,2106-3,2023,2023,307,916264,33.5,0.30%
,New York,36,65-74 years,65-74,Female,F,Asian,A,2023,2023,19,94192,Unreliable,0.00%
,New York,36,65-74 years,65-74,Female,F,Black or African American,2054-5,2023,2023,114,177307,64.3,0.10%
,New York,36,65-74 years,65-74,Female,F,White,2106-3,2023,2023,301,810441,37.1,0.30%
,New York,36,65-74 years,65-74,Male,M,Asian,A,2023,2023,29,85447,33.9,0.00%
,New York,36,65-74 years,65-74,Male,M,Black or African American,2054-5,2023,2023,121,131621,91.9,0.10%
,New York,36,65-74 years,65-74,Male,M,White,2106-3,2023,2023,501,735669,68.1,0.50%
,New York,36,75-84 years,75-84,Female,F,Asian,A,2023,2023,37,45364,81.6,0.00%
,New York,36,75-84 years,75-84,Female,F,Black or African American,2054-5,2023,2023,127,97361,130.4,0.10%
,New York,36,75-84 years,75-84,Female,F,White,2106-3,2023,2023,388,486773,79.7,0.40%
,New York,36,75-84 years,75-84,Male,M,Asian,A,2023,2023,44,37225,118.2,0.00%
,New York,36,75-84 years,75-84,Male,M,Black or African American,2054-5,2023,2023,119,56942,209,0.10%
,New York,36,75-84 years,75-84,Male,M,White,2106-3,2023,2023,511,379368,134.7,0.50%
,New York,36,85+ years,85+,Female,F,Asian,A,2023,2023,51,19525,261.2,0.10%
,New York,36,85+ years,85+,Female,F,Black or African American,2054-5,2023,2023,123,40878,300.9,0.10%
,New York,36,85+ years,85+,Female,F,White,2106-3,2023,2023,435,215219,202.1,0.50%
,New York,36,85+ years,85+,Male,M,Asian,A,2023,2023,29,13121,221,0.00%
,New York,36,85+ years,85+,Male,M,Black or African American,2054-5,2023,2023,70,17399,402.3,0.10%
,New York,36,85+ years,85+,Male,M,White,2106-3,2023,2023,328,117486,279.2,0.30%
,North Carolina,37,25-34 years,25-34,Male,M,Black or African American,2054-5,2023,2023,17,173037,Unreliable,0.00%
,North Carolina,37,25-34 years,25-34,Male,M,White,2106-3,2023,2023,14,489472,Unreliable,0.00%
,North Carolina,37,35-44 years,35-44,Female,F,Black or African American,2054-5,2023,2023,17,165293,Unreliable,0.00%
,North Carolina,37,35-44 years,35-44,Female,F,White,2106-3,2023,2023,24,475976,5,0.00%
,North Carolina,37,35-44 years,35-44,Male,M,Black or African American,2054-5,2023,2023,12,143875,Unreliable,0.00%
,North Carolina,37,35-44 years,35-44,Male,M,White,2106-3,2023,2023,25,473704,5.3,0.00%
,North Carolina,37,45-54 years,45-54,Female,F,Black or African American,2054-5,2023,2023,42,159068,26.4,0.00%
,North Carolina,37,45-54 years,45-54,Female,F,White,2106-3,2023,2023,57,481144,11.8,0.10%
,North Carolina,37,45-54 years,45-54,Male,M,Black or African American,2054-5,2023,2023,77,131191,58.7,0.10%
,North Carolina,37,45-54 years,45-54,Male,M,White,2106-3,2023,2023,123,482685,25.5,0.10%
,North Carolina,37,55-64 years,55-64,Female,F,Black or African American,2054-5,2023,2023,90,156828,57.4,0.10%
,North Carolina,37,55-64 years,55-64,Female,F,White,2106-3,2023,2023,131,517966,25.3,0.10%
,North Carolina,37,55-64 years,55-64,Male,M,Black or African American,2054-5,2023,2023,139,130044,106.9,0.10%
,North Carolina,37,55-64 years,55-64,Male,M,White,2106-3,2023,2023,253,500965,50.5,0.30%
,North Carolina,37,65-74 years,65-74,Female,F,Black or African American,2054-5,2023,2023,159,124205,128,0.20%
,North Carolina,37,65-74 years,65-74,Female,F,White,2106-3,2023,2023,221,461006,47.9,0.20%
,North Carolina,37,65-74 years,65-74,Male,M,Black or African American,2054-5,2023,2023,185,93104,198.7,0.20%
,North Carolina,37,65-74 years,65-74,Male,M,White,2106-3,2023,2023,379,409910,92.5,0.40%
,North Carolina,37,75-84 years,75-84,Female,F,Asian,A,2023,2023,10,5685,Unreliable,0.00%
,North Carolina,37,75-84 years,75-84,Female,F,Black or African American,2054-5,2023,2023,147,56101,262,0.20%
,North Carolina,37,75-84 years,75-84,Female,F,White,2106-3,2023,2023,264,267437,98.7,0.30%
,North Carolina,37,75-84 years,75-84,Male,M,Black or African American,2054-5,2023,2023,115,36091,318.6,0.10%
,North Carolina,37,75-84 years,75-84,Male,M,White,2106-3,2023,2023,357,216854,164.6,0.40%
,North Carolina,37,85+ years,85+,Female,F,Black or African American,2054-5,2023,2023,96,18370,522.6,0.10%
,North Carolina,37,85+ years,85+,Female,F,White,2106-3,2023,2023,174,92172,188.8,0.20%
,North Carolina,37,85+ years,85+,Male,M,Black or African American,2054-5,2023,2023,45,7860,572.5,0.00%
,North Carolina,37,85+ years,85+,Male,M,White,2106-3,2023,2023,151,53424,282.6,0.20%
,North Dakota,38,55-64 years,55-64,Male,M,White,2106-3,2023,2023,13,41085,Unreliable,0.00%
,North Dakota,38,65-74 years,65-74,Female,F,White,2106-3,2023,2023,13,36589,Unreliable,0.00%
,North Dakota,38,65-74 years,65-74,Male,M,White,2106-3,2023,2023,37,37271,99.3,0.00%
,North Dakota,38,75-84 years,75-84,Female,F,White,2106-3,2023,2023,18,19633,Unreliable,0.00%
,North Dakota,38,75-84 years,75-84,Male,M,White,2106-3,2023,2023,33,17194,191.9,0.00%
,North Dakota,38,85+ years,85+,Female,F,White,2106-3,2023,2023,25,11326,220.7,0.00%
,North Dakota,38,85+ years,85+,Male,M,White,2106-3,2023,2023,17,5838,Unreliable,0.00%
,Ohio,39,25-34 years,25-34,Female,F,White,2106-3,2023,2023,11,589658,Unreliable,0.00%
,Ohio,39,35-44 years,35-44,Female,F,Black or African American,2054-5,2023,2023,10,105041,Unreliable,0.00%
,Ohio,39,35-44 years,35-44,Female,F,White,2106-3,2023,2023,40,589301,6.8,0.00%
,Ohio,39,35-44 years,35-44,Male,M,Black or African American,2054-5,2023,2023,18,96717,Unreliable,0.00%
,Ohio,39,35-44 years,35-44,Male,M,White,2106-3,2023,2023,54,601538,9,0.10%
,Ohio,39,45-54 years,45-54,Female,F,Black or African American,2054-5,2023,2023,22,91013,24.2,0.00%
,Ohio,39,45-54 years,45-54,Female,F,White,2106-3,2023,2023,84,574008,14.6,0.10%
,Ohio,39,45-54 years,45-54,Male,M,Black or African American,2054-5,2023,2023,44,84032,52.4,0.00%
,Ohio,39,45-54 years,45-54,Male,M,White,2106-3,2023,2023,119,580153,20.5,0.10%
,Ohio,39,55-64 years,55-64,Female,F,Black or African American,2054-5,2023,2023,70,91006,76.9,0.10%
,Ohio,39,55-64 years,55-64,Female,F,White,2106-3,2023,2023,170,657677,25.8,0.20%
,Ohio,39,55-64 years,55-64,Male,M,Black or African American,2054-5,2023,2023,78,80402,97,0.10%
,Ohio,39,55-64 years,55-64,Male,M,White,2106-3,2023,2023,340,641798,53,0.40%
,Ohio,39,65-74 years,65-74,Female,F,Black or African American,2054-5,2023,2023,70,74300,94.2,0.10%
,Ohio,39,65-74 years,65-74,Female,F,White,2106-3,2023,2023,381,600387,63.5,0.40%
,Ohio,39,65-74 years,65-74,Male,M,Black or African American,2054-5,2023,2023,106,57360,184.8,0.10%
,Ohio,39,65-74 years,65-74,Male,M,White,2106-3,2023,2023,565,547940,103.1,0.60%
,Ohio,39,75-84 years,75-84,Female,F,Black or African American,2054-5,2023,2023,50,34890,143.3,0.10%
,Ohio,39,75-84 years,75-84,Female,F,White,2106-3,2023,2023,407,333301,122.1,0.40%
,Ohio,39,75-84 years,75-84,Male,M,Black or African American,2054-5,2023,2023,62,22069,280.9,0.10%
,Ohio,39,75-84 years,75-84,Male,M,White,2106-3,2023,2023,538,261869,205.4,0.60%
,Ohio,39,85+ years,85+,Female,F,Black or African American,2054-5,2023,2023,47,13624,345,0.00%
,Ohio,39,85+ years,85+,Female,F,White,2106-3,2023,2023,346,130222,265.7,0.40%
,Ohio,39,85+ years,85+,Male,M,Black or African American,2054-5,2023,2023,35,6249,560.1,0.00%
,Ohio,39,85+ years,85+,Male,M,White,2106-3,2023,2023,301,70953,424.2,0.30%
,Oklahoma,40,35-44 years,35-44,Female,F,White,2106-3,2023,2023,11,195044,Unreliable,0.00%
,Oklahoma,40,35-44 years,35-44,Male,M,White,2106-3,2023,2023,26,201117,12.9,0.00%
,Oklahoma,40,45-54 years,45-54,Female,F,American Indian or Alaska Native,1002-5,2023,2023,10,20334,Unreliable,0.00%
,Oklahoma,40,45-54 years,45-54,Female,F,White,2106-3,2023,2023,37,174018,21.3,0.00%
,Oklahoma,40,45-54 years,45-54,Male,M,American Indian or Alaska Native,1002-5,2023,2023,11,20334,Unreliable,0.00%
,Oklahoma,40,45-54 years,45-54,Male,M,Black or African American,2054-5,2023,2023,11,17372,Unreliable,0.00%
,Oklahoma,40,45-54 years,45-54,Male,M,White,2106-3,2023,2023,43,178918,24,0.00%
,Oklahoma,40,55-64 years,55-64,Female,F,American Indian or Alaska Native,1002-5,2023,2023,18,19397,Unreliable,0.00%
,Oklahoma,40,55-64 years,55-64,Female,F,Black or African American,2054-5,2023,2023,16,17225,Unreliable,0.00%
,Oklahoma,40,55-64 years,55-64,Female,F,White,2106-3,2023,2023,73,188407,38.7,0.10%
,Oklahoma,40,55-64 years,55-64,Male,M,American Indian or Alaska Native,1002-5,2023,2023,21,17557,119.6,0.00%
,Oklahoma,40,55-64 years,55-64,Male,M,Black or African American,2054-5,2023,2023,24,16105,149,0.00%
,Oklahoma,40,55-64 years,55-64,Male,M,White,2106-3,2023,2023,88,183393,48,0.10%
,Oklahoma,40,65-74 years,65-74,Female,F,American Indian or Alaska Native,1002-5,2023,2023,22,14699,149.7,0.00%
,Oklahoma,40,65-74 years,65-74,Female,F,Black or African American,2054-5,2023,2023,19,13260,Unreliable,0.00%
,Oklahoma,40,65-74 years,65-74,Female,F,White,2106-3,2023,2023,94,171661,54.8,0.10%
,Oklahoma,40,65-74 years,65-74,Female,F,More than one race,M,2023,2023,10,6540,Unreliable,0.00%
,Oklahoma,40,65-74 years,65-74,Male,M,American Indian or Alaska Native,1002-5,2023,2023,23,12153,189.3,0.00%
,Oklahoma,40,65-74 years,65-74,Male,M,Black or African American,2054-5,2023,2023,21,11406,184.1,0.00%
,Oklahoma,40,65-74 years,65-74,Male,M,White,2106-3,2023,2023,130,155226,83.7,0.10%
,Oklahoma,40,75-84 years,75-84,Female,F,American Indian or Alaska Native,1002-5,2023,2023,19,6956,Unreliable,0.00%
,Oklahoma,40,75-84 years,75-84,Female,F,White,2106-3,2023,2023,137,98920,138.5,0.10%
,Oklahoma,40,75-84 years,75-84,Male,M,American Indian or Alaska Native,1002-5,2023,2023,20,5343,374.3,0.00%
,Oklahoma,40,75-84 years,75-84,Male,M,White,2106-3,2023,2023,140,78883,177.5,0.10%
,Oklahoma,40,85+ years,85+,Female,F,Black or African American,2054-5,2023,2023,12,1757,Unreliable,0.00%
,Oklahoma,40,85+ years,85+,Female,F,White,2106-3,2023,2023,84,37194,225.8,0.10%
,Oklahoma,40,85+ years,85+,Male,M,American Indian or Alaska Native,1002-5,2023,2023,10,1099,Unreliable,0.00%
,Oklahoma,40,85+ years,85+,Male,M,White,2106-3,2023,2023,85,22364,380.1,0.10%
,Oregon,41,35-44 years,35-44,Male,M,White,2106-3,2023,2023,18,257703,Unreliable,0.00%
,Oregon,41,45-54 years,45-54,Female,F,White,2106-3,2023,2023,32,220608,14.5,0.00%
,Oregon,41,45-54 years,45-54,Male,M,White,2106-3,2023,2023,48,231752,20.7,0.10%
,Oregon,41,55-64 years,55-64,Female,F,White,2106-3,2023,2023,76,228433,33.3,0.10%
,Oregon,41,55-64 years,55-64,Male,M,White,2106-3,2023,2023,137,222241,61.6,0.10%
,Oregon,41,65-74 years,65-74,Female,F,White,2106-3,2023,2023,139,237553,58.5,0.10%
,Oregon,41,65-74 years,65-74,Male,M,White,2106-3,2023,2023,222,214283,103.6,0.20%
,Oregon,41,75-84 years,75-84,Female,F,White,2106-3,2023,2023,120,131532,91.2,0.10%
,Oregon,41,75-84 years,75-84,Male,M,White,2106-3,2023,2023,217,112776,192.4,0.20%
,Oregon,41,85+ years,85+,Female,F,White,2106-3,2023,2023,95,43815,216.8,0.10%
,Oregon,41,85+ years,85+,Male,M,White,2106-3,2023,2023,95,27843,341.2,0.10%
,Pennsylvania,42,25-34 years,25-34,Male,M,White,2106-3,2023,2023,13,647137,Unreliable,0.00%
,Pennsylvania,42,35-44 years,35-44,Female,F,White,2106-3,2023,2023,20,643489,3.1,0.00%
,Pennsylvania,42,35-44 years,35-44,Male,M,Black or African American,2054-5,2023,2023,18,101691,Unreliable,0.00%
,Pennsylvania,42,35-44 years,35-44,Male,M,White,2106-3,2023,2023,37,665515,5.6,0.00%
,Pennsylvania,42,45-54 years,45-54,Female,F,Black or African American,2054-5,2023,2023,16,91633,Unreliable,0.00%
,Pennsylvania,42,45-54 years,45-54,Female,F,White,2106-3,2023,2023,53,617860,8.6,0.10%
,Pennsylvania,42,45-54 years,45-54,Male,M,Black or African American,2054-5,2023,2023,24,84037,28.6,0.00%
,Pennsylvania,42,45-54 years,45-54,Male,M,White,2106-3,2023,2023,138,628414,22,0.10%
,Pennsylvania,42,55-64 years,55-64,Female,F,Black or African American,2054-5,2023,2023,31,93604,33.1,0.00%
,Pennsylvania,42,55-64 years,55-64,Female,F,White,2106-3,2023,2023,168,752243,22.3,0.20%
,Pennsylvania,42,55-64 years,55-64,Male,M,Black or African American,2054-5,2023,2023,61,80892,75.4,0.10%
,Pennsylvania,42,55-64 years,55-64,Male,M,White,2106-3,2023,2023,287,735888,39,0.30%
,Pennsylvania,42,65-74 years,65-74,Female,F,Black or African American,2054-5,2023,2023,50,71440,70,0.10%
,Pennsylvania,42,65-74 years,65-74,Female,F,White,2106-3,2023,2023,308,692171,44.5,0.30%
,Pennsylvania,42,65-74 years,65-74,Male,M,Asian,A,2023,2023,13,16660,Unreliable,0.00%
,Pennsylvania,42,65-74 years,65-74,Male,M,Black or African American,2054-5,2023,2023,82,53065,154.5,0.10%
,Pennsylvania,42,65-74 years,65-74,Male,M,White,2106-3,2023,2023,520,639520,81.3,0.50%
,Pennsylvania,42,75-84 years,75-84,Female,F,Black or African American,2054-5,2023,2023,55,34348,160.1,0.10%
,Pennsylvania,42,75-84 years,75-84,Female,F,White,2106-3,2023,2023,397,399882,99.3,0.40%
,Pennsylvania,42,75-84 years,75-84,Male,M,Black or African American,2054-5,2023,2023,44,20849,211,0.00%
,Pennsylvania,42,75-84 years,75-84,Male,M,White,2106-3,2023,2023,506,316692,159.8,0.50%
,Pennsylvania,42,85+ years,85+,Female,F,Black or African American,2054-5,2023,2023,34,13530,251.3,0.00%
,Pennsylvania,42,85+ years,85+,Female,F,White,2106-3,2023,2023,439,173729,252.7,0.50%
,Pennsylvania,42,85+ years,85+,Male,M,Black or African American,2054-5,2023,2023,18,5700,Unreliable,0.00%
,Pennsylvania,42,85+ years,85+,Male,M,White,2106-3,2023,2023,334,91535,364.9,0.40%
,Rhode Island,44,55-64 years,55-64,Female,F,White,2106-3,2023,2023,14,68736,Unreliable,0.00%
,Rhode Island,44,55-64 years,55-64,Male,M,White,2106-3,2023,2023,25,64615,38.7,0.00%
,Rhode Island,44,65-74 years,65-74,Female,F,White,2106-3,2023,2023,17,59434,Unreliable,0.00%
,Rhode Island,44,65-74 years,65-74,Male,M,White,2106-3,2023,2023,54,52720,102.4,0.10%
,Rhode Island,44,75-84 years,75-84,Female,F,White,2106-3,2023,2023,30,33128,90.6,0.00%
,Rhode Island,44,75-84 years,75-84,Male,M,White,2106-3,2023,2023,45,26138,172.2,0.00%
,Rhode Island,44,85+ years,85+,Female,F,White,2106-3,2023,2023,27,15068,179.2,0.00%
,Rhode Island,44,85+ years,85+,Male,M,White,2106-3,2023,2023,34,7418,458.3,0.00%
,South Carolina,45,25-34 years,25-34,Male,M,Black or African American,2054-5,2023,2023,10,95731,Unreliable,0.00%
,South Carolina,45,35-44 years,35-44,Female,F,Black or African American,2054-5,2023,2023,14,96118,Unreliable,0.00%
,South Carolina,45,35-44 years,35-44,Female,F,White,2106-3,2023,2023,11,230145,Unreliable,0.00%
,South Carolina,45,35-44 years,35-44,Male,M,Black or African American,2054-5,2023,2023,12,81572,Unreliable,0.00%
,South Carolina,45,35-44 years,35-44,Male,M,White,2106-3,2023,2023,11,229212,Unreliable,0.00%
,South Carolina,45,45-54 years,45-54,Female,F,Black or African American,2054-5,2023,2023,25,88511,28.2,0.00%
,South Carolina,45,45-54 years,45-54,Female,F,White,2106-3,2023,2023,21,227044,9.2,0.00%
,South Carolina,45,45-54 years,45-54,Male,M,Black or African American,2054-5,2023,2023,30,72276,41.5,0.00%
,South Carolina,45,45-54 years,45-54,Male,M,White,2106-3,2023,2023,46,226656,20.3,0.00%
,South Carolina,45,55-64 years,55-64,Female,F,Black or African American,2054-5,2023,2023,43,94341,45.6,0.00%
,South Carolina,45,55-64 years,55-64,Female,F,White,2106-3,2023,2023,45,262163,17.2,0.00%
,South Carolina,45,55-64 years,55-64,Male,M,Black or African American,2054-5,2023,2023,85,76796,110.7,0.10%
,South Carolina,45,55-64 years,55-64,Male,M,White,2106-3,2023,2023,124,247735,50.1,0.10%
,South Carolina,45,65-74 years,65-74,Female,F,Black or African American,2054-5,2023,2023,92,77578,118.6,0.10%
,South Carolina,45,65-74 years,65-74,Female,F,White,2106-3,2023,2023,109,248710,43.8,0.10%
,South Carolina,45,65-74 years,65-74,Male,M,Black or African American,2054-5,2023,2023,83,58161,142.7,0.10%
,South Carolina,45,65-74 years,65-74,Male,M,White,2106-3,2023,2023,168,219912,76.4,0.20%
,South Carolina,45,75-84 years,75-84,Female,F,Black or African American,2054-5,2023,2023,71,35702,198.9,0.10%
,South Carolina,45,75-84 years,75-84,Female,F,White,2106-3,2023,2023,112,141133,79.4,0.10%
,South Carolina,45,75-84 years,75-84,Male,M,Black or African American,2054-5,2023,2023,72,23611,304.9,0.10%
,South Carolina,45,75-84 years,75-84,Male,M,White,2106-3,2023,2023,166,120882,137.3,0.20%
,South Carolina,45,85+ years,85+,Female,F,Black or African American,2054-5,2023,2023,70,11026,634.9,0.10%
,South Carolina,45,85+ years,85+,Female,F,White,2106-3,2023,2023,75,44507,168.5,0.10%
,South Carolina,45,85+ years,85+,Male,M,Black or African American,2054-5,2023,2023,30,4932,608.3,0.00%
,South Carolina,45,85+ years,85+,Male,M,White,2106-3,2023,2023,86,26834,320.5,0.10%
,South Dakota,46,55-64 years,55-64,Female,F,White,2106-3,2023,2023,11,50989,Unreliable,0.00%
,South Dakota,46,55-64 years,55-64,Male,M,White,2106-3,2023,2023,10,52414,Unreliable,0.00%
,South Dakota,46,65-74 years,65-74,Female,F,White,2106-3,2023,2023,25,48266,51.8,0.00%
,South Dakota,46,65-74 years,65-74,Male,M,American Indian or Alaska Native,1002-5,2023,2023,10,1639,Unreliable,0.00%
,South Dakota,46,65-74 years,65-74,Male,M,White,2106-3,2023,2023,33,49214,67.1,0.00%
,South Dakota,46,75-84 years,75-84,Female,F,White,2106-3,2023,2023,19,23345,Unreliable,0.00%
,South Dakota,46,75-84 years,75-84,Male,M,White,2106-3,2023,2023,42,20965,200.3,0.00%
,South Dakota,46,85+ years,85+,Female,F,White,2106-3,2023,2023,22,12032,182.8,0.00%
,South Dakota,46,85+ years,85+,Male,M,White,2106-3,2023,2023,22,6018,365.6,0.00%
,Tennessee,47,25-34 years,25-34,Female,F,White,2106-3,2023,2023,11,372886,Unreliable,0.00%
,Tennessee,47,25-34 years,25-34,Male,M,White,2106-3,2023,2023,15,373906,Unreliable,0.00%
,Tennessee,47,35-44 years,35-44,Female,F,White,2106-3,2023,2023,17,355418,Unreliable,0.00%
,Tennessee,47,35-44 years,35-44,Male,M,Black or African American,2054-5,2023,2023,10,71831,Unreliable,0.00%
,Tennessee,47,35-44 years,35-44,Male,M,White,2106-3,2023,2023,24,355841,6.7,0.00%
,Tennessee,47,45-54 years,45-54,Female,F,Black or African American,2054-5,2023,2023,27,73737,36.6,0.00%
,Tennessee,47,45-54 years,45-54,Female,F,White,2106-3,2023,2023,54,350317,15.4,0.10%
,Tennessee,47,45-54 years,45-54,Male,M,Black or African American,2054-5,2023,2023,29,63040,46,0.00%
,Tennessee,47,45-54 years,45-54,Male,M,White,2106-3,2023,2023,98,352110,27.8,0.10%
,Tennessee,47,55-64 years,55-64,Female,F,Black or African American,2054-5,2023,2023,33,73192,45.1,0.00%
,Tennessee,47,55-64 years,55-64,Female,F,White,2106-3,2023,2023,106,377437,28.1,0.10%
,Tennessee,47,55-64 years,55-64,Male,M,Black or African American,2054-5,2023,2023,53,60569,87.5,0.10%
,Tennessee,47,55-64 years,55-64,Male,M,White,2106-3,2023,2023,203,364131,55.7,0.20%
,Tennessee,47,65-74 years,65-74,Female,F,Black or African American,2054-5,2023,2023,70,57273,122.2,0.10%
,Tennessee,47,65-74 years,65-74,Female,F,White,2106-3,2023,2023,229,328716,69.7,0.20%
,Tennessee,47,65-74 years,65-74,Male,M,Black or African American,2054-5,2023,2023,72,42449,169.6,0.10%
,Tennessee,47,65-74 years,65-74,Male,M,White,2106-3,2023,2023,303,294396,102.9,0.30%
,Tennessee,47,75-84 years,75-84,Female,F,Black or African American,2054-5,2023,2023,67,23301,287.5,0.10%
,Tennessee,47,75-84 years,75-84,Female,F,White,2106-3,2023,2023,266,187121,142.2,0.30%
,Tennessee,47,75-84 years,75-84,Male,M,Black or African American,2054-5,2023,2023,49,14578,336.1,0.10%
,Tennessee,47,75-84 years,75-84,Male,M,White,2106-3,2023,2023,336,152361,220.5,0.40%
,Tennessee,47,85+ years,85+,Female,F,Black or African American,2054-5,2023,2023,45,7778,578.6,0.00%
,Tennessee,47,85+ years,85+,Female,F,White,2106-3,2023,2023,175,62448,280.2,0.20%
,Tennessee,47,85+ years,85+,Male,M,Black or African American,2054-5,2023,2023,21,3146,667.5,0.00%
,Tennessee,47,85+ years,85+,Male,M,White,2106-3,2023,2023,182,36313,501.2,0.20%
,Texas,48,15-24 years,15-24,Male,M,White,2106-3,2023,2023,14,1701140,Unreliable,0.00%
,Texas,48,25-34 years,25-34,Female,F,White,2106-3,2023,2023,26,1596182,1.6,0.00%
,Texas,48,25-34 years,25-34,Male,M,Black or African American,2054-5,2023,2023,20,336463,5.9,0.00%
,Texas,48,25-34 years,25-34,Male,M,White,2106-3,2023,2023,41,1673189,2.5,0.00%
,Texas,48,35-44 years,35-44,Female,F,Black or African American,2054-5,2023,2023,31,316162,9.8,0.00%
,Texas,48,35-44 years,35-44,Female,F,White,2106-3,2023,2023,73,1574081,4.6,0.10%
,Texas,48,35-44 years,35-44,Male,M,Black or African American,2054-5,2023,2023,33,296450,11.1,0.00%
,Texas,48,35-44 years,35-44,Male,M,White,2106-3,2023,2023,113,1659523,6.8,0.10%
,Texas,48,45-54 years,45-54,Female,F,Black or African American,2054-5,2023,2023,43,259770,16.6,0.00%
,Texas,48,45-54 years,45-54,Female,F,White,2106-3,2023,2023,133,1422860,9.3,0.10%
,Texas,48,45-54 years,45-54,Male,M,Black or African American,2054-5,2023,2023,77,239160,32.2,0.10%
,Texas,48,45-54 years,45-54,Male,M,White,2106-3,2023,2023,320,1452667,22,0.30%
,Texas,48,55-64 years,55-64,Female,F,Black or African American,2054-5,2023,2023,109,229691,47.5,0.10%
,Texas,48,55-64 years,55-64,Female,F,White,2106-3,2023,2023,427,1335241,32,0.40%
,Texas,48,55-64 years,55-64,Male,M,Asian,A,2023,2023,19,85079,Unreliable,0.00%
,Texas,48,55-64 years,55-64,Male,M,Black or African American,2054-5,2023,2023,156,202575,77,0.20%
,Texas,48,55-64 years,55-64,Male,M,White,2106-3,2023,2023,730,1319438,55.3,0.80%
,Texas,48,65-74 years,65-74,Female,F,Asian,A,2023,2023,16,69183,Unreliable,0.00%
,Texas,48,65-74 years,65-74,Female,F,Black or African American,2054-5,2023,2023,148,162360,91.2,0.20%
,Texas,48,65-74 years,65-74,Female,F,White,2106-3,2023,2023,689,1086222,63.4,0.70%
,Texas,48,65-74 years,65-74,Male,M,Asian,A,2023,2023,21,55692,37.7,0.00%
,Texas,48,65-74 years,65-74,Male,M,Black or African American,2054-5,2023,2023,196,126879,154.5,0.20%
,Texas,48,65-74 years,65-74,Male,M,White,2106-3,2023,2023,1068,982964,108.7,1.10%
,Texas,48,75-84 years,75-84,Female,F,Asian,A,2023,2023,32,31333,102.1,0.00%
,Texas,48,75-84 years,75-84,Female,F,Black or African American,2054-5,2023,2023,163,67574,241.2,0.20%
,Texas,48,75-84 years,75-84,Female,F,White,2106-3,2023,2023,729,591339,123.3,0.80%
,Texas,48,75-84 years,75-84,Male,M,Asian,A,2023,2023,33,26480,124.6,0.00%
,Texas,48,75-84 years,75-84,Male,M,Black or African American,2054-5,2023,2023,102,44094,231.3,0.10%
,Texas,48,75-84 years,75-84,Male,M,White,2106-3,2023,2023,878,478631,183.4,0.90%
,Texas,48,85+ years,85+,Female,F,Asian,A,2023,2023,22,9560,230.1,0.00%
,Texas,48,85+ years,85+,Female,F,Black or African American,2054-5,2023,2023,69,21728,317.6,0.10%
,Texas,48,85+ years,85+,Female,F,White,2106-3,2023,2023,520,209971,247.7,0.50%
,Texas,48,85+ years,85+,Male,M,Asian,A,2023,2023,24,7029,341.4,0.00%
,Texas,48,85+ years,85+,Male,M,Black or African American,2054-5,2023,2023,46,10119,454.6,0.00%
,Texas,48,85+ years,85+,Male,M,White,2106-3,2023,2023,432,124881,345.9,0.50%
,Utah,49,35-44 years,35-44,Male,M,White,2106-3,2023,2023,11,213327,Unreliable,0.00%
,Utah,49,45-54 years,45-54,Female,F,White,2106-3,2023,2023,15,171494,Unreliable,0.00%
,Utah,49,45-54 years,45-54,Male,M,White,2106-3,2023,2023,25,181025,13.8,0.00%
,Utah,49,55-64 years,55-64,Female,F,White,2106-3,2023,2023,31,142314,21.8,0.00%
,Utah,49,55-64 years,55-64,Male,M,White,2106-3,2023,2023,55,143063,38.4,0.10%
,Utah,49,65-74 years,65-74,Female,F,White,2106-3,2023,2023,53,123042,43.1,0.10%
,Utah,49,65-74 years,65-74,Male,M,White,2106-3,2023,2023,127,116240,109.3,0.10%
,Utah,49,75-84 years,75-84,Female,F,White,2106-3,2023,2023,68,64599,105.3,0.10%
,Utah,49,75-84 years,75-84,Male,M,White,2106-3,2023,2023,107,56338,189.9,0.10%
,Utah,49,85+ years,85+,Female,F,White,2106-3,2023,2023,66,20262,325.7,0.10%
,Utah,49,85+ years,85+,Male,M,White,2106-3,2023,2023,69,14685,469.9,0.10%
,Vermont,50,55-64 years,55-64,Female,F,White,2106-3,2023,2023,11,45149,Unreliable,0.00%
,Vermont,50,55-64 years,55-64,Male,M,White,2106-3,2023,2023,17,43285,Unreliable,0.00%
,Vermont,50,65-74 years,65-74,Female,F,White,2106-3,2023,2023,17,42553,Unreliable,0.00%
,Vermont,50,65-74 years,65-74,Male,M,White,2106-3,2023,2023,30,40367,74.3,0.00%
,Vermont,50,75-84 years,75-84,Female,F,White,2106-3,2023,2023,19,22960,Unreliable,0.00%
,Vermont,50,75-84 years,75-84,Male,M,White,2106-3,2023,2023,32,20029,159.8,0.00%
,Vermont,50,85+ years,85+,Female,F,White,2106-3,2023,2023,21,8327,252.2,0.00%
,Vermont,50,85+ years,85+,Male,M,White,2106-3,2023,2023,16,4786,Unreliable,0.00%
,Virginia,51,35-44 years,35-44,Female,F,Black or African American,2054-5,2023,2023,13,122669,Unreliable,0.00%
,Virginia,51,35-44 years,35-44,Female,F,White,2106-3,2023,2023,23,390934,5.9,0.00%
,Virginia,51,35-44 years,35-44,Male,M,Black or African American,2054-5,2023,2023,21,117143,17.9,0.00%
,Virginia,51,35-44 years,35-44,Male,M,White,2106-3,2023,2023,17,406418,Unreliable,0.00%
,Virginia,51,45-54 years,45-54,Female,F,Black or African American,2054-5,2023,2023,16,107729,Unreliable,0.00%
,Virginia,51,45-54 years,45-54,Female,F,White,2106-3,2023,2023,47,365301,12.9,0.00%
,Virginia,51,45-54 years,45-54,Male,M,Black or African American,2054-5,2023,2023,41,98526,41.6,0.00%
,Virginia,51,45-54 years,45-54,Male,M,White,2106-3,2023,2023,78,374923,20.8,0.10%
,Virginia,51,55-64 years,55-64,Female,F,Black or African American,2054-5,2023,2023,49,117648,41.6,0.10%
,Virginia,51,55-64 years,55-64,Female,F,White,2106-3,2023,2023,89,397036,22.4,0.10%
,Virginia,51,55-64 years,55-64,Male,M,Black or African American,2054-5,2023,2023,91,101667,89.5,0.10%
,Virginia,51,55-64 years,55-64,Male,M,White,2106-3,2023,2023,178,392413,45.4,0.20%
,Virginia,51,65-74 years,65-74,Female,F,Black or African American,2054-5,2023,2023,90,88640,101.5,0.10%
,Virginia,51,65-74 years,65-74,Female,F,White,2106-3,2023,2023,184,342128,53.8,0.20%
,Virginia,51,65-74 years,65-74,Male,M,Black or African American,2054-5,2023,2023,119,70452,168.9,0.10%
,Virginia,51,65-74 years,65-74,Male,M,White,2106-3,2023,2023,324,311503,104,0.30%
,Virginia,51,75-84 years,75-84,Female,F,Asian,A,2023,2023,20,14375,139.1,0.00%
,Virginia,51,75-84 years,75-84,Female,F,Black or African American,2054-5,2023,2023,74,41500,178.3,0.10%
,Virginia,51,75-84 years,75-84,Female,F,White,2106-3,2023,2023,205,204497,100.2,0.20%
,Virginia,51,75-84 years,75-84,Male,M,Asian,A,2023,2023,20,10723,186.5,0.00%
,Virginia,51,75-84 years,75-84,Male,M,Black or African American,2054-5,2023,2023,89,27611,322.3,0.10%
,Virginia,51,75-84 years,75-84,Male,M,White,2106-3,2023,2023,307,167051,183.8,0.30%
,Virginia,51,85+ years,85+,Female,F,Asian,A,2023,2023,13,4765,Unreliable,0.00%
,Virginia,51,85+ years,85+,Female,F,Black or African American,2054-5,2023,2023,69,14731,468.4,0.10%
,Virginia,51,85+ years,85+,Female,F,White,2106-3,2023,2023,145,73912,196.2,0.20%
,Virginia,51,85+ years,85+,Male,M,Asian,A,2023,2023,14,3220,Unreliable,0.00%
,Virginia,51,85+ years,85+,Male,M,Black or African American,2054-5,2023,2023,38,6359,597.6,0.00%
,Virginia,51,85+ years,85+,Male,M,White,2106-3,2023,2023,150,44105,340.1,0.20%
,Washington,53,25-34 years,25-34,Male,M,White,2106-3,2023,2023,15,437422,Unreliable,0.00%
,Washington,53,35-44 years,35-44,Female,F,White,2106-3,2023,2023,12,406399,Unreliable,0.00%
,Washington,53,35-44 years,35-44,Male,M,White,2106-3,2023,2023,19,438000,Unreliable,0.00%
,Washington,53,45-54 years,45-54,Female,F,White,2106-3,2023,2023,41,353798,11.6,0.00%
,Washington,53,45-54 years,45-54,Male,M,White,2106-3,2023,2023,68,373044,18.2,0.10%
,Washington,53,55-64 years,55-64,Female,F,White,2106-3,2023,2023,91,378623,24,0.10%
,Washington,53,55-64 years,55-64,Male,M,Asian,A,2023,2023,13,36499,Unreliable,0.00%
,Washington,53,55-64 years,55-64,Male,M,Black or African American,2054-5,2023,2023,15,20400,Unreliable,0.00%
,Washington,53,55-64 years,55-64,Male,M,White,2106-3,2023,2023,165,381389,43.3,0.20%
,Washington,53,65-74 years,65-74,Female,F,Asian,A,2023,2023,11,35908,Unreliable,0.00%
,Washington,53,65-74 years,65-74,Female,F,Black or African American,2054-5,2023,2023,14,10948,Unreliable,0.00%
,Washington,53,65-74 years,65-74,Female,F,White,2106-3,2023,2023,159,357219,44.5,0.20%
,Washington,53,65-74 years,65-74,Male,M,Asian,A,2023,2023,11,26047,Unreliable,0.00%
,Washington,53,65-74 years,65-74,Male,M,Black or African American,2054-5,2023,2023,25,12037,207.7,0.00%
,Washington,53,65-74 years,65-74,Male,M,White,2106-3,2023,2023,296,330501,89.6,0.30%
,Washington,53,75-84 years,75-84,Female,F,Asian,A,2023,2023,23,16927,135.9,0.00%
,Washington,53,75-84 years,75-84,Female,F,White,2106-3,2023,2023,184,195393,94.2,0.20%
,Washington,53,75-84 years,75-84,Male,M,Asian,A,2023,2023,18,12040,Unreliable,0.00%
,Washington,53,75-84 years,75-84,Male,M,Black or African American,2054-5,2023,2023,13,3794,Unreliable,0.00%
,Washington,53,75-84 years,75-84,Male,M,White,2106-3,2023,2023,266,166622,159.6,0.30%
,Washington,53,85+ years,85+,Female,F,Asian,A,2023,2023,28,7079,395.5,0.00%
,Washington,53,85+ years,85+,Female,F,White,2106-3,2023,2023,168,68469,245.4,0.20%
,Washington,53,85+ years,85+,Male,M,Asian,A,2023,2023,18,3697,Unreliable,0.00%
,Washington,53,85+ years,85+,Male,M,White,2106-3,2023,2023,158,42725,369.8,0.20%
,West Virginia,54,35-44 years,35-44,Male,M,White,2106-3,2023,2023,11,98350,Unreliable,0.00%
,West Virginia,54,45-54 years,45-54,Female,F,White,2106-3,2023,2023,30,103685,28.9,0.00%
,West Virginia,54,45-54 years,45-54,Male,M,White,2106-3,2023,2023,44,105749,41.6,0.00%
,West Virginia,54,55-64 years,55-64,Female,F,White,2106-3,2023,2023,80,113345,70.6,0.10%
,West Virginia,54,55-64 years,55-64,Male,M,White,2106-3,2023,2023,86,110044,78.2,0.10%
,West Virginia,54,65-74 years,65-74,Female,F,White,2106-3,2023,2023,97,111652,86.9,0.10%
,West Virginia,54,65-74 years,65-74,Male,M,Black or African American,2054-5,2023,2023,10,3360,Unreliable,0.00%
,West Virginia,54,65-74 years,65-74,Male,M,White,2106-3,2023,2023,144,101817,141.4,0.20%
,West Virginia,54,75-84 years,75-84,Female,F,White,2106-3,2023,2023,102,62156,164.1,0.10%
,West Virginia,54,75-84 years,75-84,Male,M,White,2106-3,2023,2023,118,52446,225,0.10%
,West Virginia,54,85+ years,85+,Female,F,White,2106-3,2023,2023,88,21951,400.9,0.10%
,West Virginia,54,85+ years,85+,Male,M,White,2106-3,2023,2023,68,13481,504.4,0.10%
,Wisconsin,55,25-34 years,25-34,Male,M,White,2106-3,2023,2023,12,312339,Unreliable,0.00%
,Wisconsin,55,35-44 years,35-44,Male,M,White,2106-3,2023,2023,24,329783,7.3,0.00%
,Wisconsin,55,45-54 years,45-54,Female,F,Black or African American,2054-5,2023,2023,10,21425,Unreliable,0.00%
,Wisconsin,55,45-54 years,45-54,Female,F,White,2106-3,2023,2023,23,298519,7.7,0.00%
,Wisconsin,55,45-54 years,45-54,Male,M,White,2106-3,2023,2023,41,312290,13.1,0.00%
,Wisconsin,55,55-64 years,55-64,Female,F,Black or African American,2054-5,2023,2023,19,19326,Unreliable,0.00%
,Wisconsin,55,55-64 years,55-64,Female,F,White,2106-3,2023,2023,75,367726,20.4,0.10%
,Wisconsin,55,55-64 years,55-64,Male,M,Black or African American,2054-5,2023,2023,16,17070,Unreliable,0.00%
,Wisconsin,55,55-64 years,55-64,Male,M,White,2106-3,2023,2023,109,370065,29.5,0.10%
,Wisconsin,55,65-74 years,65-74,Female,F,Black or African American,2054-5,2023,2023,16,13462,Unreliable,0.00%
,Wisconsin,55,65-74 years,65-74,Female,F,White,2106-3,2023,2023,128,324442,39.5,0.10%
,Wisconsin,55,65-74 years,65-74,Male,M,Black or African American,2054-5,2023,2023,18,10548,Unreliable,0.00%
,Wisconsin,55,65-74 years,65-74,Male,M,White,2106-3,2023,2023,227,314261,72.2,0.20%
,Wisconsin,55,75-84 years,75-84,Female,F,White,2106-3,2023,2023,152,171573,88.6,0.20%
,Wisconsin,55,75-84 years,75-84,Male,M,White,2106-3,2023,2023,205,146963,139.5,0.20%
,Wisconsin,55,85+ years,85+,Female,F,White,2106-3,2023,2023,156,69162,225.6,0.20%
,Wisconsin,55,85+ years,85+,Male,M,White,2106-3,2023,2023,134,39699,337.5,0.10%
,Wyoming,56,55-64 years,55-64,Male,M,White,2106-3,2023,2023,19,34186,Unreliable,0.00%
,Wyoming,56,65-74 years,65-74,Female,F,White,2106-3,2023,2023,24,32639,73.5,0.00%
,Wyoming,56,65-74 years,65-74,Male,M,White,2106-3,2023,2023,26,33609,77.4,0.00%
,Wyoming,56,75-84 years,75-84,Female,F,White,2106-3,2023,2023,28,16158,173.3,0.00%
,Wyoming,56,75-84 years,75-84,Male,M,White,2106-3,2023,2023,21,15114,138.9,0.00%
,Wyoming,56,85+ years,85+,Female,F,White,2106-3,2023,2023,18,5979,Unreliable,0.00%
,Wyoming,56,85+ years,85+,Male,M,White,2106-3,2023,2023,13,3991,Unreliable,0.00%
---,,,,,,,,,,,,,,
"Dataset: Underlying Cause of Death, 2018-2023, Single Race",,,,,,,,,,,,,,
Query Parameters:,,,,,,,,,,,,,,
Title: death rate,,,,,,,,,,,,,,
ICD-10 Codes: E10-E14 (Diabetes mellitus),,,,,,,,,,,,,,
Year/Month: 2023,,,,,,,,,,,,,,
Group By: State; Ten-Year Age Groups; Sex; Single Race 6; Year,,,,,,,,,,,,,,
Show Totals: Disabled,,,,,,,,,,,,,,
Show Zero Values: False,,,,,,,,,,,,,,
Show Suppressed: False,,,,,,,,,,,,,,
"Calculate Rates Per: 100,000",,,,,,,,,,,,,,
Rate Options: Default intercensal populations for years 2001-2009 (except Infant Age Groups),,,,,,,,,,,,,,
---,,,,,,,,,,,,,,
Help: See http://wonder.cdc.gov/wonder/help/ucd-expanded.html for more information.,,,,,,,,,,,,,,
---,,,,,,,,,,,,,,
"Query Date: Apr 25, 2025 5:26:47 PM",,,,,,,,,,,,,,
---,,,,,,,,,,,,,,
"Suggested Citation: Centers for Disease Control and Prevention, National Center for Health Statistics. National Vital Statistics",,,,,,,,,,,,,,
"System, Mortality 2018-2023 on CDC WONDER Online Database, released in 2024. Data are from the Multiple Cause of Death Files,",,,,,,,,,,,,,,
"2018-2023, as compiled from data provided by the 57 vital statistics jurisdictions through the Vital Statistics Cooperative",,,,,,,,,,,,,,
"Program. Accessed at http://wonder.cdc.gov/ucd-icd10-expanded.html on Apr 25, 2025 5:26:47 PM",,,,,,,,,,,,,,
---,,,,,,,,,,,,,,
Messages:,,,,,,,,,,,,,,
1. Totals are not available for these results due to suppression constraints. More Information:,,,,,,,,,,,,,,
http://wonder.cdc.gov/wonder/help/faq.html#Privacy.,,,,,,,,,,,,,,
2. Rows with zero Deaths are hidden. Use Quick Options above to show zero rows.,,,,,,,,,,,,,,
3. Rows with suppressed Deaths are hidden. Use Quick Options above to show suppressed rows.,,,,,,,,,,,,,,
---,,,,,,,,,,,,,,
Caveats:,,,,,,,,,,,,,,
1. Data are Suppressed when the data meet the criteria for confidentiality constraints. More information:,,,,,,,,,,,,,,
http://wonder.cdc.gov/wonder/help/ucd-expanded.html#Assurance of Confidentiality.,,,,,,,,,,,,,,
2. Death rates are flagged as Unreliable when the rate is calculated with a numerator of 20 or less. More information:,,,,,,,,,,,,,,
http://wonder.cdc.gov/wonder/help/ucd-expanded.html#Unreliable.,,,,,,,,,,,,,,
"3. Deaths of persons with Age ""Not Stated"" are included in ""All"" counts and rates, but are not distributed among age groups,",,,,,,,,,,,,,,
"so are not included in age-specific counts, age-specific rates or in any age-adjusted rates. More information:",,,,,,,,,,,,,,
http://wonder.cdc.gov/wonder/help/ucd-expanded.html#Not Stated.,,,,,,,,,,,,,,
"4. The population figures for years 2023 are single-race estimates of the July 1 resident population, from the Vintage 2023",,,,,,,,,,,,,,
"postcensal series released by the Census Bureau on June 27, 2024. The 2023 series is based on the Modified Blended Base produced",,,,,,,,,,,,,,
"by the US Census Bureau in lieu of the April 1, 2020 decennial population count. The Modified Blended Base consists of the blend",,,,,,,,,,,,,,
"of Vintage 2020 postcensal population estimates for April 1, 2020, 2020 Demographic Analysis Estimates, and 2020 Census data",,,,,,,,,,,,,,
from the internal Census Edited File (CEF). The population figures for years 2022 are single-race estimates of the July 1,,,,,,,,,,,,,,
"resident population, from the Vintage 2022 postcensal series released by the Census Bureau on June 22, 2023. The 2022 series is",,,,,,,,,,,,,,
"based on the Modified Blended Base produced by the US Census Bureau in lieu of the April 1, 2020 decennial population count. The",,,,,,,,,,,,,,
"Modified Blended Base consists of the blend of Vintage 2020 postcensal population estimates for April 1, 2020, 2020 Demographic",,,,,,,,,,,,,,
"Analysis Estimates, and 2020 Census data from the internal Census Edited File (CEF). The population figures for years 2021 are",,,,,,,,,,,,,,
"single-race estimates of the July 1 resident population, based on the Blended Base produced by the US Census Bureau in lieu of",,,,,,,,,,,,,,
"the April 1, 2020 decennial population count, from the Vintage 2021 postcensal series released by the Census Bureau on June 30,",,,,,,,,,,,,,,
"2022. The population figures for year 2020 are single-race estimates of the July 1 resident population, from the Vintage 2020",,,,,,,,,,,,,,
"postcensal series based on April 2010 Census, released by the Census Bureau on July 27, 2021. The population figures for year",,,,,,,,,,,,,,
"2019 are single-race estimates of the July 1 resident population, from the Vintage 2019 postcensal series based on April 2010",,,,,,,,,,,,,,
"Census, released by the Census Bureau on June 25, 2020. The population figures for year 2018 are single-race estimates of the",,,,,,,,,,,,,,
"July 1 resident population, from the Vintage 2018 postcensal series based on April 2010 Census, released by the Census Bureau on",,,,,,,,,,,,,,
"June 20, 2019. More information: http://wonder.cdc.gov/wonder/help/ucd-expanded.html#Population Data.",,,,,,,,,,,,,,
5. The population figures used in the calculation of death rates for the age group 'under 1 year' are the estimates of the,,,,,,,,,,,,,,
resident population that is under one year of age. More information: http://wonder.cdc.gov/wonder/help/ucd-expanded.html#Age,,,,,,,,,,,,,,
Group.,,,,,,,,,,,,,,
"6. Connecticut population estimates for 2022 and later years are reported for 9 planning regions as county equivalent areas,",,,,,,,,,,,,,,
"instead of the former 8 legacy counties in the Vintage 2022 postcensal series released by the Census Bureau on June 22, 2023,",,,,,,,,,,,,,,
"and in the Vintage 2023 postcensal series released by the Census Bureau on June 27, 2024. Populations estimates for the former",,,,,,,,,,,,,,
counties are not available for 2022 and later years. More information:,,,,,,,,,,,,,,
http://wonder.cdc.gov/wonder/help/ucd-expanded.html#Connecticut-2022.,,,,,,,,,,,,,,
"7. After the creation of the final 2023 dataset, North Carolina updated the cause of death information for over 900 death",,,,,,,,,,,,,,
"certificates to include a cause of death code indicating drug overdose (ICD-10 underlying cause-of-death codes: X40-X44,",,,,,,,,,,,,,,
"X60-X64, X85, and Y10-Y14). Jurisdictions can continue to update death certificates after the closing of the mortality file. As",,,,,,,,,,,,,,
"a result, users should consider that the actual death count for drug overdose deaths for North Carolina in 2023 is over 4,400",,,,,,,,,,,,,,
"deaths, with a crude rate of approximately 41.0 per 100,000 population, and an age-adjusted rate of approximately 42.1 per",,,,,,,,,,,,,,
"100,000 population. These deaths will not be updated on the final mortality datasets.",,,,,,,,,,,,,,
